name,moref,parent_cluster,type,capacity_gb,free_space_gb,provisioned_space_gb,datastore_cluster,storage_array,storage_model,storage_serial
HQ-A-DS-01-01,datastore-1000,domain-c1000,VMFS-6,2048,627,1574,DSC-HQ-A-CL-01-01,PowerStore,PowerStore T1000,PS19611
HQ-A-DS-01-02,datastore-1001,domain-c1000,NFS,2048,563,1634,DSC-HQ-A-CL-01-01,PowerStore,PowerStore T1000,PS98069
HQ-A-DS-01-03,datastore-1002,domain-c1000,VMFS-6,8192,1650,6099,DSC-HQ-A-CL-01-01,PowerStore,PowerStore T3000,PS71980
HQ-A-DS-01-04,datastore-1003,domain-c1000,VMFS-6,4096,1158,3526,DSC-HQ-A-CL-01-01,PowerStore,PowerStore T3000,PS77038
HQ-A-DS-01-05,datastore-1004,domain-c1000,VMFS-6,16384,5452,12324,DSC-HQ-A-CL-01-01,Unity XT,Unity XT 480,PS73697
HQ-A-DS-01-06,datastore-1005,domain-c1000,VMFS-6,4096,1631,3300,DSC-HQ-A-CL-01-01,PowerStore,PowerStore T1000,PS72784
HQ-A-DS-01-07,datastore-1006,domain-c1000,NFS,8192,2738,6359,DSC-HQ-A-CL-01-01,Unity XT,Unity XT 480,PS49945
HQ-A-DS-02-01,datastore-1007,domain-c1001,VMFS-6,2048,701,1580,DSC-HQ-A-CL-02-01,PowerStore,PowerStore T1000,PS68981
HQ-A-DS-02-02,datastore-1008,domain-c1001,VMFS-6,8192,2236,6670,DSC-HQ-A-CL-02-01,PowerStore,PowerStore T1000,PS13028
HQ-A-DS-02-03,datastore-1009,domain-c1001,VMFS-6,4096,982,3341,DSC-HQ-A-CL-02-01,Unity XT,Unity XT 480,PS59145
HQ-A-DS-02-04,datastore-1010,domain-c1001,VMFS-6,2048,553,1759,DSC-HQ-A-CL-02-01,Unity XT,Unity XT 480,PS44582
HQ-A-DS-02-05,datastore-1011,domain-c1001,VMFS-6,2048,745,1634,DSC-HQ-A-CL-02-01,Unity XT,Unity XT 880,PS21781
HQ-A-DS-02-06,datastore-1012,domain-c1001,NFS,16384,3718,12042,DSC-HQ-A-CL-02-01,Unity XT,Unity XT 880,PS25375
HQ-A-DS-02-07,datastore-1013,domain-c1001,VMFS-6,8192,2257,5972,DSC-HQ-A-CL-02-01,Unity XT,Unity XT 880,PS82119
HQ-A-DS-03-01,datastore-1014,domain-c1002,VMFS-6,8192,2263,5909,DSC-HQ-A-CL-03-01,PowerStore,PowerStore T1000,PS26099
HQ-A-DS-03-02,datastore-1015,domain-c1002,VMFS-6,2048,803,1829,DSC-HQ-A-CL-03-01,PowerStore,PowerStore T1000,PS94843
HQ-A-DS-03-03,datastore-1016,domain-c1002,VMFS-6,4096,1507,3562,DSC-HQ-A-CL-03-01,Unity XT,Unity XT 880,PS75864
HQ-A-DS-03-04,datastore-1017,domain-c1002,NFS,2048,612,1624,DSC-HQ-A-CL-03-01,Unity XT,Unity XT 480,PS54489
HQ-A-DS-04-01,datastore-1018,domain-c1003,VMFS-6,2048,559,1789,DSC-HQ-A-CL-04-01,PowerStore,PowerStore T3000,PS30947
HQ-A-DS-04-02,datastore-1019,domain-c1003,VMFS-6,4096,1493,3315,DSC-HQ-A-CL-04-01,PowerStore,PowerStore T1000,PS62875
HQ-A-DS-04-03,datastore-1020,domain-c1003,VMFS-6,4096,1060,3047,DSC-HQ-A-CL-04-01,Unity XT,Unity XT 480,PS81744
HQ-A-DS-04-04,datastore-1021,domain-c1003,VMFS-6,4096,1199,3592,DSC-HQ-A-CL-04-01,PowerStore,PowerStore T1000,PS16788
HQ-A-DS-04-05,datastore-1022,domain-c1003,VMFS-6,8192,1742,6533,DSC-HQ-A-CL-04-01,Unity XT,Unity XT 480,PS35332
HQ-A-DS-04-06,datastore-1023,domain-c1003,VMFS-6,4096,1483,3206,DSC-HQ-A-CL-04-01,Unity XT,Unity XT 480,PS26992
HQ-A-DS-04-07,datastore-1024,domain-c1003,VMFS-6,8192,1848,5987,DSC-HQ-A-CL-04-01,PowerStore,PowerStore T1000,PS71966
HQ-A-DS-05-01,datastore-1025,domain-c1004,VMFS-6,8192,2001,7102,DSC-HQ-A-CL-05-01,PowerStore,PowerStore T1000,PS15495
HQ-A-DS-05-02,datastore-1026,domain-c1004,VMFS-6,8192,1858,7361,DSC-HQ-A-CL-05-01,Unity XT,Unity XT 880,PS58752
HQ-A-DS-05-03,datastore-1027,domain-c1004,NFS,4096,1375,2908,DSC-HQ-A-CL-05-01,PowerStore,PowerStore T1000,PS13899
HQ-A-DS-05-04,datastore-1028,domain-c1004,VMFS-6,2048,558,1570,DSC-HQ-A-CL-05-01,Unity XT,Unity XT 480,PS59307
HQ-A-DS-05-05,datastore-1029,domain-c1004,VMFS-6,8192,2673,6843,DSC-HQ-A-CL-05-01,PowerStore,PowerStore T3000,PS16134
HQ-A-DS-05-06,datastore-1030,domain-c1004,NFS,8192,1887,6145,DSC-HQ-A-CL-05-01,PowerStore,PowerStore T1000,PS89307
HQ-A-DS-05-07,datastore-1031,domain-c1004,VMFS-6,16384,4134,14182,DSC-HQ-A-CL-05-01,Unity XT,Unity XT 880,PS11002
HQ-A-DS-06-01,datastore-1032,domain-c1005,VMFS-6,16384,3484,11504,DSC-HQ-A-CL-06-01,Unity XT,Unity XT 880,PS96593
HQ-A-DS-06-02,datastore-1033,domain-c1005,NFS,8192,2168,6697,DSC-HQ-A-CL-06-01,Unity XT,Unity XT 480,PS91679
HQ-A-DS-06-03,datastore-1034,domain-c1005,VMFS-6,16384,3957,13280,DSC-HQ-A-CL-06-01,Unity XT,Unity XT 480,PS61244
HQ-A-DS-06-04,datastore-1035,domain-c1005,VMFS-6,2048,779,1535,DSC-HQ-A-CL-06-01,PowerStore,PowerStore T1000,PS38566
HQ-A-DS-06-05,datastore-1036,domain-c1005,VMFS-6,4096,1443,3079,DSC-HQ-A-CL-06-01,PowerStore,PowerStore T1000,PS86224
HQ-A-DS-07-01,datastore-1037,domain-c1006,VMFS-6,4096,1531,2873,DSC-HQ-A-CL-07-01,PowerStore,PowerStore T1000,PS47596
HQ-A-DS-07-02,datastore-1038,domain-c1006,VMFS-6,16384,3723,13542,DSC-HQ-A-CL-07-01,PowerStore,PowerStore T3000,PS26275
HQ-A-DS-07-03,datastore-1039,domain-c1006,VMFS-6,16384,6073,13870,DSC-HQ-A-CL-07-01,Unity XT,Unity XT 880,PS34852
HQ-A-DS-07-04,datastore-1040,domain-c1006,VMFS-6,16384,5806,12662,DSC-HQ-A-CL-07-01,PowerStore,PowerStore T1000,PS69915
HQ-A-DS-07-05,datastore-1041,domain-c1006,VMFS-6,4096,859,3587,DSC-HQ-A-CL-07-01,PowerStore,PowerStore T1000,PS13924
HQ-A-DS-07-06,datastore-1042,domain-c1006,VMFS-6,8192,2153,7226,DSC-HQ-A-CL-07-01,Unity XT,Unity XT 880,PS10889
HQ-A-DS-07-07,datastore-1043,domain-c1006,VMFS-6,2048,730,1833,DSC-HQ-A-CL-07-01,Unity XT,Unity XT 480,PS83163
HQ-A-DS-07-08,datastore-1044,domain-c1006,NFS,16384,5774,13201,DSC-HQ-A-CL-07-01,PowerStore,PowerStore T1000,PS35047
HQ-A-DS-01-01,datastore-1045,domain-c1007,VMFS-6,8192,1778,6712,DSC-HQ-A-CL-01-01,PowerStore,PowerStore T3000,PS22115
HQ-A-DS-01-02,datastore-1046,domain-c1007,VMFS-6,2048,603,1775,DSC-HQ-A-CL-01-01,PowerStore,PowerStore T1000,PS50541
HQ-A-DS-01-03,datastore-1047,domain-c1007,VMFS-6,4096,1334,3543,DSC-HQ-A-CL-01-01,PowerStore,PowerStore T1000,PS52026
HQ-A-DS-01-04,datastore-1048,domain-c1007,VMFS-6,8192,2592,6842,DSC-HQ-A-CL-01-01,PowerStore,PowerStore T3000,PS68843
HQ-A-DS-02-01,datastore-1049,domain-c1008,VMFS-6,4096,1232,3222,DSC-HQ-A-CL-02-01,PowerStore,PowerStore T3000,PS83717
HQ-A-DS-02-02,datastore-1050,domain-c1008,VMFS-6,8192,1654,7204,DSC-HQ-A-CL-02-01,PowerStore,PowerStore T1000,PS17782
HQ-A-DS-02-03,datastore-1051,domain-c1008,VMFS-6,8192,3049,6937,DSC-HQ-A-CL-02-01,PowerStore,PowerStore T3000,PS19386
HQ-A-DS-02-04,datastore-1052,domain-c1008,VMFS-6,16384,3816,12169,DSC-HQ-A-CL-02-01,PowerStore,PowerStore T1000,PS50561
HQ-A-DS-02-05,datastore-1053,domain-c1008,VMFS-6,8192,1645,6592,DSC-HQ-A-CL-02-01,PowerStore,PowerStore T3000,PS21433
HQ-A-DS-02-06,datastore-1054,domain-c1008,VMFS-6,8192,1856,7046,DSC-HQ-A-CL-02-01,PowerStore,PowerStore T1000,PS17242
HQ-A-DS-02-07,datastore-1055,domain-c1008,VMFS-6,8192,3116,6384,DSC-HQ-A-CL-02-01,PowerStore,PowerStore T1000,PS33357
HQ-A-DS-02-08,datastore-1056,domain-c1008,VMFS-6,8192,2103,5921,DSC-HQ-A-CL-02-01,PowerStore,PowerStore T3000,PS61972
HQ-A-DS-03-01,datastore-1057,domain-c1009,VMFS-6,2048,658,1627,DSC-HQ-A-CL-03-01,Unity XT,Unity XT 880,PS84372
HQ-A-DS-03-02,datastore-1058,domain-c1009,VMFS-6,8192,2947,7141,DSC-HQ-A-CL-03-01,PowerStore,PowerStore T1000,PS31099
HQ-A-DS-03-03,datastore-1059,domain-c1009,NFS,2048,607,1541,DSC-HQ-A-CL-03-01,Unity XT,Unity XT 880,PS74720
HQ-A-DS-03-04,datastore-1060,domain-c1009,VMFS-6,2048,529,1831,DSC-HQ-A-CL-03-01,Unity XT,Unity XT 480,PS96026
HQ-A-DS-03-05,datastore-1061,domain-c1009,NFS,2048,743,1675,DSC-HQ-A-CL-03-01,Unity XT,Unity XT 480,PS73894
HQ-A-DS-03-06,datastore-1062,domain-c1009,NFS,16384,4970,11913,DSC-HQ-A-CL-03-01,Unity XT,Unity XT 480,PS48955
HQ-A-DS-04-01,datastore-1063,domain-c1010,NFS,4096,998,2921,DSC-HQ-A-CL-04-01,PowerStore,PowerStore T1000,PS19006
HQ-A-DS-04-02,datastore-1064,domain-c1010,VMFS-6,16384,3326,14099,DSC-HQ-A-CL-04-01,PowerStore,PowerStore T1000,PS26541
HQ-A-DS-04-03,datastore-1065,domain-c1010,VMFS-6,16384,3853,13157,DSC-HQ-A-CL-04-01,PowerStore,PowerStore T3000,PS10458
HQ-A-DS-04-04,datastore-1066,domain-c1010,VMFS-6,4096,1475,3377,DSC-HQ-A-CL-04-01,Unity XT,Unity XT 880,PS11673
HQ-A-DS-05-01,datastore-1067,domain-c1011,NFS,8192,1681,6165,DSC-HQ-A-CL-05-01,Unity XT,Unity XT 480,PS63667
HQ-A-DS-05-02,datastore-1068,domain-c1011,VMFS-6,4096,1324,3367,DSC-HQ-A-CL-05-01,PowerStore,PowerStore T3000,PS21465
HQ-A-DS-05-03,datastore-1069,domain-c1011,VMFS-6,4096,1294,3346,DSC-HQ-A-CL-05-01,Unity XT,Unity XT 880,PS58243
HQ-A-DS-05-04,datastore-1070,domain-c1011,VMFS-6,4096,853,3368,DSC-HQ-A-CL-05-01,Unity XT,Unity XT 880,PS87102
HQ-A-DS-05-05,datastore-1071,domain-c1011,VMFS-6,2048,475,1596,DSC-HQ-A-CL-05-01,Unity XT,Unity XT 880,PS27338
HQ-A-DS-05-06,datastore-1072,domain-c1011,VMFS-6,2048,754,1659,DSC-HQ-A-CL-05-01,PowerStore,PowerStore T3000,PS71660
HQ-A-DS-05-07,datastore-1073,domain-c1011,VMFS-6,2048,673,1539,DSC-HQ-A-CL-05-01,PowerStore,PowerStore T1000,PS53982
HQ-A-DS-05-08,datastore-1074,domain-c1011,VMFS-6,2048,662,1530,DSC-HQ-A-CL-05-01,Unity XT,Unity XT 880,PS29217
HQ-A-DS-06-01,datastore-1075,domain-c1012,VMFS-6,16384,5177,13638,DSC-HQ-A-CL-06-01,PowerStore,PowerStore T1000,PS15161
HQ-A-DS-06-02,datastore-1076,domain-c1012,VMFS-6,16384,5414,11931,DSC-HQ-A-CL-06-01,Unity XT,Unity XT 480,PS48384
HQ-A-DS-06-03,datastore-1077,domain-c1012,VMFS-6,2048,582,1485,DSC-HQ-A-CL-06-01,PowerStore,PowerStore T3000,PS44320
HQ-A-DS-06-04,datastore-1078,domain-c1012,VMFS-6,2048,571,1685,DSC-HQ-A-CL-06-01,PowerStore,PowerStore T3000,PS92750
HQ-A-DS-06-05,datastore-1079,domain-c1012,VMFS-6,4096,1221,2976,DSC-HQ-A-CL-06-01,PowerStore,PowerStore T3000,PS45294
HQ-A-DS-06-06,datastore-1080,domain-c1012,VMFS-6,2048,637,1622,DSC-HQ-A-CL-06-01,Unity XT,Unity XT 480,PS22052
HQ-A-DS-06-07,datastore-1081,domain-c1012,NFS,8192,1970,6783,DSC-HQ-A-CL-06-01,PowerStore,PowerStore T3000,PS71097
HQ-A-DS-06-08,datastore-1082,domain-c1012,VMFS-6,16384,4630,13225,DSC-HQ-A-CL-06-01,Unity XT,Unity XT 880,PS79492
HQ-A-DS-07-01,datastore-1083,domain-c1013,VMFS-6,16384,3868,11572,DSC-HQ-A-CL-07-01,PowerStore,PowerStore T1000,PS57298
HQ-A-DS-07-02,datastore-1084,domain-c1013,VMFS-6,16384,6455,12591,DSC-HQ-A-CL-07-01,Unity XT,Unity XT 480,PS74073
HQ-A-DS-07-03,datastore-1085,domain-c1013,VMFS-6,8192,1757,5812,DSC-HQ-A-CL-07-01,PowerStore,PowerStore T1000,PS45663
HQ-A-DS-07-04,datastore-1086,domain-c1013,VMFS-6,4096,1263,3279,DSC-HQ-A-CL-07-01,PowerStore,PowerStore T3000,PS34123
HQ-A-DS-07-05,datastore-1087,domain-c1013,VMFS-6,2048,578,1514,DSC-HQ-A-CL-07-01,Unity XT,Unity XT 880,PS73953
HQ-A-DS-07-06,datastore-1088,domain-c1013,VMFS-6,8192,1910,6431,DSC-HQ-A-CL-07-01,PowerStore,PowerStore T3000,PS71611
HQ-A-DS-07-07,datastore-1089,domain-c1013,VMFS-6,16384,5849,12163,DSC-HQ-A-CL-07-01,Unity XT,Unity XT 480,PS25482
HQ-B-DS-01-01,datastore-1090,domain-c1014,VMFS-6,2048,461,1518,DSC-HQ-B-CL-01-01,PowerStore,PowerStore T1000,PS81373
HQ-B-DS-01-02,datastore-1091,domain-c1014,VMFS-6,8192,2534,7027,DSC-HQ-B-CL-01-01,PowerStore,PowerStore T3000,PS91125
HQ-B-DS-01-03,datastore-1092,domain-c1014,NFS,16384,6043,13185,DSC-HQ-B-CL-01-01,PowerStore,PowerStore T1000,PS10140
HQ-B-DS-01-04,datastore-1093,domain-c1014,VMFS-6,8192,2518,6607,DSC-HQ-B-CL-01-01,Unity XT,Unity XT 880,PS68909
HQ-B-DS-01-05,datastore-1094,domain-c1014,VMFS-6,16384,5170,14034,DSC-HQ-B-CL-01-01,Unity XT,Unity XT 880,PS83430
HQ-B-DS-01-06,datastore-1095,domain-c1014,VMFS-6,2048,734,1709,DSC-HQ-B-CL-01-01,PowerStore,PowerStore T3000,PS24216
HQ-B-DS-01-07,datastore-1096,domain-c1014,VMFS-6,16384,5502,14654,DSC-HQ-B-CL-01-01,Unity XT,Unity XT 480,PS38820
HQ-B-DS-02-01,datastore-1097,domain-c1015,NFS,8192,3263,5774,DSC-HQ-B-CL-02-01,Unity XT,Unity XT 880,PS10185
HQ-B-DS-02-02,datastore-1098,domain-c1015,VMFS-6,16384,4336,14623,DSC-HQ-B-CL-02-01,Unity XT,Unity XT 880,PS89777
HQ-B-DS-02-03,datastore-1099,domain-c1015,VMFS-6,16384,5154,12013,DSC-HQ-B-CL-02-01,Unity XT,Unity XT 880,PS86917
HQ-B-DS-02-04,datastore-1100,domain-c1015,NFS,2048,775,1768,DSC-HQ-B-CL-02-01,Unity XT,Unity XT 880,PS29226
HQ-B-DS-02-05,datastore-1101,domain-c1015,VMFS-6,8192,2504,6316,DSC-HQ-B-CL-02-01,PowerStore,PowerStore T1000,PS89177
HQ-B-DS-02-06,datastore-1102,domain-c1015,VMFS-6,16384,6076,12966,DSC-HQ-B-CL-02-01,Unity XT,Unity XT 480,PS96646
HQ-B-DS-02-07,datastore-1103,domain-c1015,NFS,2048,453,1524,DSC-HQ-B-CL-02-01,PowerStore,PowerStore T3000,PS59110
HQ-B-DS-03-01,datastore-1104,domain-c1016,NFS,8192,1725,6691,DSC-HQ-B-CL-03-01,PowerStore,PowerStore T1000,PS16069
HQ-B-DS-03-02,datastore-1105,domain-c1016,NFS,16384,4494,13243,DSC-HQ-B-CL-03-01,Unity XT,Unity XT 880,PS82066
HQ-B-DS-03-03,datastore-1106,domain-c1016,VMFS-6,4096,1630,3521,DSC-HQ-B-CL-03-01,PowerStore,PowerStore T1000,PS16360
HQ-B-DS-03-04,datastore-1107,domain-c1016,VMFS-6,16384,3539,13870,DSC-HQ-B-CL-03-01,PowerStore,PowerStore T1000,PS53190
HQ-B-DS-03-05,datastore-1108,domain-c1016,VMFS-6,4096,1607,3480,DSC-HQ-B-CL-03-01,PowerStore,PowerStore T1000,PS72384
HQ-B-DS-03-06,datastore-1109,domain-c1016,VMFS-6,16384,6503,13704,DSC-HQ-B-CL-03-01,Unity XT,Unity XT 480,PS48425
HQ-B-DS-03-07,datastore-1110,domain-c1016,VMFS-6,2048,790,1626,DSC-HQ-B-CL-03-01,PowerStore,PowerStore T3000,PS61590
HQ-B-DS-03-08,datastore-1111,domain-c1016,VMFS-6,8192,2081,5850,DSC-HQ-B-CL-03-01,PowerStore,PowerStore T1000,PS98491
HQ-B-DS-04-01,datastore-1112,domain-c1017,VMFS-6,8192,2848,6283,DSC-HQ-B-CL-04-01,PowerStore,PowerStore T3000,PS83461
HQ-B-DS-04-02,datastore-1113,domain-c1017,VMFS-6,2048,755,1542,DSC-HQ-B-CL-04-01,PowerStore,PowerStore T3000,PS93432
HQ-B-DS-04-03,datastore-1114,domain-c1017,VMFS-6,2048,538,1679,DSC-HQ-B-CL-04-01,PowerStore,PowerStore T1000,PS76211
HQ-B-DS-04-04,datastore-1115,domain-c1017,VMFS-6,4096,1624,3136,DSC-HQ-B-CL-04-01,PowerStore,PowerStore T1000,PS43750
HQ-B-DS-04-05,datastore-1116,domain-c1017,VMFS-6,16384,3738,14600,DSC-HQ-B-CL-04-01,Unity XT,Unity XT 880,PS52550
HQ-B-DS-04-06,datastore-1117,domain-c1017,VMFS-6,4096,870,2990,DSC-HQ-B-CL-04-01,PowerStore,PowerStore T1000,PS41391
HQ-B-DS-04-07,datastore-1118,domain-c1017,NFS,8192,2403,7103,DSC-HQ-B-CL-04-01,PowerStore,PowerStore T1000,PS37337
HQ-B-DS-05-01,datastore-1119,domain-c1018,VMFS-6,4096,1358,3654,DSC-HQ-B-CL-05-01,PowerStore,PowerStore T1000,PS93217
HQ-B-DS-05-02,datastore-1120,domain-c1018,VMFS-6,16384,3281,13732,DSC-HQ-B-CL-05-01,PowerStore,PowerStore T1000,PS67837
HQ-B-DS-05-03,datastore-1121,domain-c1018,VMFS-6,4096,1137,3456,DSC-HQ-B-CL-05-01,Unity XT,Unity XT 880,PS90421
HQ-B-DS-05-04,datastore-1122,domain-c1018,VMFS-6,8192,3273,6322,DSC-HQ-B-CL-05-01,Unity XT,Unity XT 880,PS90776
HQ-B-DS-06-01,datastore-1123,domain-c1019,VMFS-6,4096,1136,3521,DSC-HQ-B-CL-06-01,Unity XT,Unity XT 880,PS86199
HQ-B-DS-06-02,datastore-1124,domain-c1019,VMFS-6,8192,2980,6667,DSC-HQ-B-CL-06-01,PowerStore,PowerStore T3000,PS41753
HQ-B-DS-06-03,datastore-1125,domain-c1019,VMFS-6,16384,4525,13463,DSC-HQ-B-CL-06-01,Unity XT,Unity XT 880,PS32720
HQ-B-DS-06-04,datastore-1126,domain-c1019,VMFS-6,4096,1356,2966,DSC-HQ-B-CL-06-01,Unity XT,Unity XT 880,PS93945
HQ-B-DS-07-01,datastore-1127,domain-c1020,VMFS-6,2048,640,1826,DSC-HQ-B-CL-07-01,PowerStore,PowerStore T3000,PS66972
HQ-B-DS-07-02,datastore-1128,domain-c1020,VMFS-6,16384,4224,13089,DSC-HQ-B-CL-07-01,PowerStore,PowerStore T3000,PS29479
HQ-B-DS-07-03,datastore-1129,domain-c1020,VMFS-6,2048,441,1504,DSC-HQ-B-CL-07-01,Unity XT,Unity XT 880,PS88928
HQ-B-DS-07-04,datastore-1130,domain-c1020,VMFS-6,8192,2383,7275,DSC-HQ-B-CL-07-01,PowerStore,PowerStore T3000,PS18509
HQ-B-DS-01-01,datastore-1131,domain-c1021,VMFS-6,4096,1235,3036,DSC-HQ-B-CL-01-01,PowerStore,PowerStore T1000,PS99898
HQ-B-DS-01-02,datastore-1132,domain-c1021,VMFS-6,4096,911,3545,DSC-HQ-B-CL-01-01,PowerStore,PowerStore T1000,PS68649
HQ-B-DS-01-03,datastore-1133,domain-c1021,VMFS-6,8192,2099,5938,DSC-HQ-B-CL-01-01,Unity XT,Unity XT 880,PS25917
HQ-B-DS-01-04,datastore-1134,domain-c1021,VMFS-6,4096,1004,2987,DSC-HQ-B-CL-01-01,Unity XT,Unity XT 880,PS62693
HQ-B-DS-01-05,datastore-1135,domain-c1021,VMFS-6,4096,1114,3253,DSC-HQ-B-CL-01-01,Unity XT,Unity XT 880,PS26852
HQ-B-DS-02-01,datastore-1136,domain-c1022,NFS,8192,2273,6606,DSC-HQ-B-CL-02-01,PowerStore,PowerStore T1000,PS98410
HQ-B-DS-02-02,datastore-1137,domain-c1022,VMFS-6,8192,2885,5783,DSC-HQ-B-CL-02-01,PowerStore,PowerStore T3000,PS42690
HQ-B-DS-02-03,datastore-1138,domain-c1022,VMFS-6,4096,1509,2900,DSC-HQ-B-CL-02-01,PowerStore,PowerStore T1000,PS43844
HQ-B-DS-02-04,datastore-1139,domain-c1022,VMFS-6,16384,4468,14001,DSC-HQ-B-CL-02-01,PowerStore,PowerStore T1000,PS42541
HQ-B-DS-02-05,datastore-1140,domain-c1022,VMFS-6,8192,2705,6342,DSC-HQ-B-CL-02-01,Unity XT,Unity XT 480,PS81514
HQ-B-DS-02-06,datastore-1141,domain-c1022,VMFS-6,8192,1935,7141,DSC-HQ-B-CL-02-01,Unity XT,Unity XT 480,PS61953
HQ-B-DS-02-07,datastore-1142,domain-c1022,VMFS-6,2048,769,1729,DSC-HQ-B-CL-02-01,PowerStore,PowerStore T3000,PS50507
HQ-B-DS-03-01,datastore-1143,domain-c1023,VMFS-6,4096,1382,3468,DSC-HQ-B-CL-03-01,PowerStore,PowerStore T1000,PS76090
HQ-B-DS-03-02,datastore-1144,domain-c1023,VMFS-6,2048,574,1581,DSC-HQ-B-CL-03-01,Unity XT,Unity XT 480,PS15408
HQ-B-DS-03-03,datastore-1145,domain-c1023,VMFS-6,8192,2418,5981,DSC-HQ-B-CL-03-01,Unity XT,Unity XT 880,PS15198
HQ-B-DS-03-04,datastore-1146,domain-c1023,NFS,2048,425,1450,DSC-HQ-B-CL-03-01,PowerStore,PowerStore T1000,PS95869
HQ-B-DS-03-05,datastore-1147,domain-c1023,NFS,4096,898,3175,DSC-HQ-B-CL-03-01,PowerStore,PowerStore T3000,PS75864
HQ-B-DS-03-06,datastore-1148,domain-c1023,VMFS-6,8192,2280,6932,DSC-HQ-B-CL-03-01,Unity XT,Unity XT 480,PS96969
HQ-B-DS-03-07,datastore-1149,domain-c1023,VMFS-6,16384,6012,14126,DSC-HQ-B-CL-03-01,Unity XT,Unity XT 880,PS98769
HQ-B-DS-03-08,datastore-1150,domain-c1023,VMFS-6,4096,1381,3400,DSC-HQ-B-CL-03-01,Unity XT,Unity XT 480,PS41940
HQ-B-DS-04-01,datastore-1151,domain-c1024,VMFS-6,16384,5811,14125,DSC-HQ-B-CL-04-01,PowerStore,PowerStore T1000,PS44400
HQ-B-DS-04-02,datastore-1152,domain-c1024,VMFS-6,2048,699,1694,DSC-HQ-B-CL-04-01,PowerStore,PowerStore T3000,PS95090
HQ-B-DS-04-03,datastore-1153,domain-c1024,VMFS-6,8192,1875,6799,DSC-HQ-B-CL-04-01,PowerStore,PowerStore T1000,PS39757
HQ-B-DS-04-04,datastore-1154,domain-c1024,NFS,2048,425,1763,DSC-HQ-B-CL-04-01,Unity XT,Unity XT 880,PS46326
HQ-B-DS-05-01,datastore-1155,domain-c1025,NFS,16384,6530,13251,DSC-HQ-B-CL-05-01,PowerStore,PowerStore T3000,PS63525
HQ-B-DS-05-02,datastore-1156,domain-c1025,NFS,16384,4659,12459,DSC-HQ-B-CL-05-01,PowerStore,PowerStore T3000,PS59767
HQ-B-DS-05-03,datastore-1157,domain-c1025,NFS,4096,1044,3220,DSC-HQ-B-CL-05-01,PowerStore,PowerStore T1000,PS41642
HQ-B-DS-05-04,datastore-1158,domain-c1025,NFS,2048,430,1606,DSC-HQ-B-CL-05-01,Unity XT,Unity XT 880,PS77460
HQ-B-DS-05-05,datastore-1159,domain-c1025,VMFS-6,8192,3116,6438,DSC-HQ-B-CL-05-01,Unity XT,Unity XT 480,PS43387
HQ-B-DS-05-06,datastore-1160,domain-c1025,VMFS-6,4096,1389,3015,DSC-HQ-B-CL-05-01,PowerStore,PowerStore T1000,PS23272
HQ-B-DS-06-01,datastore-1161,domain-c1026,VMFS-6,16384,5425,12882,DSC-HQ-B-CL-06-01,Unity XT,Unity XT 480,PS75275
HQ-B-DS-06-02,datastore-1162,domain-c1026,NFS,2048,501,1561,DSC-HQ-B-CL-06-01,Unity XT,Unity XT 880,PS80194
HQ-B-DS-06-03,datastore-1163,domain-c1026,NFS,2048,635,1789,DSC-HQ-B-CL-06-01,PowerStore,PowerStore T3000,PS92547
HQ-B-DS-06-04,datastore-1164,domain-c1026,VMFS-6,8192,2939,6096,DSC-HQ-B-CL-06-01,Unity XT,Unity XT 880,PS95224
HQ-B-DS-06-05,datastore-1165,domain-c1026,VMFS-6,4096,1452,3543,DSC-HQ-B-CL-06-01,PowerStore,PowerStore T1000,PS10564
HQ-B-DS-07-01,datastore-1166,domain-c1027,VMFS-6,2048,663,1646,DSC-HQ-B-CL-07-01,Unity XT,Unity XT 480,PS15912
HQ-B-DS-07-02,datastore-1167,domain-c1027,NFS,8192,2755,5889,DSC-HQ-B-CL-07-01,PowerStore,PowerStore T1000,PS79117
HQ-B-DS-07-03,datastore-1168,domain-c1027,VMFS-6,16384,6484,12227,DSC-HQ-B-CL-07-01,Unity XT,Unity XT 880,PS36492
HQ-B-DS-07-04,datastore-1169,domain-c1027,VMFS-6,4096,1630,3613,DSC-HQ-B-CL-07-01,PowerStore,PowerStore T1000,PS33976
HQ-B-DS-07-05,datastore-1170,domain-c1027,VMFS-6,8192,2141,6645,DSC-HQ-B-CL-07-01,PowerStore,PowerStore T3000,PS83289
HQ-B-DS-07-06,datastore-1171,domain-c1027,VMFS-6,8192,2831,5795,DSC-HQ-B-CL-07-01,Unity XT,Unity XT 480,PS14851
HQ-B-DS-07-07,datastore-1172,domain-c1027,VMFS-6,8192,3088,6065,DSC-HQ-B-CL-07-01,Unity XT,Unity XT 880,PS79130
HQ-B-DS-07-08,datastore-1173,domain-c1027,VMFS-6,8192,2986,5979,DSC-HQ-B-CL-07-01,Unity XT,Unity XT 880,PS48409
NA-DS-01-01,datastore-1174,domain-c1028,VMFS-6,16384,6115,12676,DSC-NA-CL-01-01,PowerStore,PowerStore T3000,PS79952
NA-DS-01-02,datastore-1175,domain-c1028,VMFS-6,2048,484,1814,DSC-NA-CL-01-01,PowerStore,PowerStore T3000,PS91296
NA-DS-01-03,datastore-1176,domain-c1028,NFS,16384,6301,13387,DSC-NA-CL-01-01,PowerStore,PowerStore T3000,PS81912
NA-DS-01-04,datastore-1177,domain-c1028,VMFS-6,2048,801,1588,DSC-NA-CL-01-01,Unity XT,Unity XT 880,PS77383
NA-DS-01-05,datastore-1178,domain-c1028,VMFS-6,16384,6310,11492,DSC-NA-CL-01-01,Unity XT,Unity XT 880,PS35889
NA-DS-01-06,datastore-1179,domain-c1028,VMFS-6,2048,676,1726,DSC-NA-CL-01-01,PowerStore,PowerStore T1000,PS65538
NA-DS-01-07,datastore-1180,domain-c1028,VMFS-6,4096,1054,3393,DSC-NA-CL-01-01,Unity XT,Unity XT 880,PS46906
NA-DS-02-01,datastore-1181,domain-c1029,VMFS-6,4096,829,3111,DSC-NA-CL-02-01,Unity XT,Unity XT 480,PS33647
NA-DS-02-02,datastore-1182,domain-c1029,NFS,16384,5561,13780,DSC-NA-CL-02-01,PowerStore,PowerStore T1000,PS83120
NA-DS-02-03,datastore-1183,domain-c1029,NFS,16384,3509,13879,DSC-NA-CL-02-01,PowerStore,PowerStore T3000,PS26814
NA-DS-02-04,datastore-1184,domain-c1029,NFS,8192,2337,5863,DSC-NA-CL-02-01,PowerStore,PowerStore T3000,PS98318
NA-DS-02-05,datastore-1185,domain-c1029,VMFS-6,8192,2499,7179,DSC-NA-CL-02-01,Unity XT,Unity XT 880,PS77341
NA-DS-02-06,datastore-1186,domain-c1029,VMFS-6,16384,5047,11894,DSC-NA-CL-02-01,PowerStore,PowerStore T3000,PS88837
NA-DS-03-01,datastore-1187,domain-c1030,VMFS-6,16384,4496,14589,DSC-NA-CL-03-01,PowerStore,PowerStore T1000,PS32907
NA-DS-03-02,datastore-1188,domain-c1030,VMFS-6,16384,4388,14184,DSC-NA-CL-03-01,Unity XT,Unity XT 480,PS31697
NA-DS-03-03,datastore-1189,domain-c1030,VMFS-6,16384,4579,14220,DSC-NA-CL-03-01,Unity XT,Unity XT 880,PS82750
NA-DS-03-04,datastore-1190,domain-c1030,VMFS-6,8192,2642,6899,DSC-NA-CL-03-01,PowerStore,PowerStore T1000,PS11445
NA-DS-03-05,datastore-1191,domain-c1030,VMFS-6,16384,3491,12801,DSC-NA-CL-03-01,Unity XT,Unity XT 480,PS10408
NA-DS-03-06,datastore-1192,domain-c1030,VMFS-6,8192,3015,6608,DSC-NA-CL-03-01,Unity XT,Unity XT 480,PS15830
NA-DS-03-07,datastore-1193,domain-c1030,VMFS-6,2048,537,1702,DSC-NA-CL-03-01,Unity XT,Unity XT 880,PS49588
NA-DS-04-01,datastore-1194,domain-c1031,VMFS-6,16384,3704,13887,DSC-NA-CL-04-01,PowerStore,PowerStore T3000,PS83018
NA-DS-04-02,datastore-1195,domain-c1031,VMFS-6,2048,748,1523,DSC-NA-CL-04-01,PowerStore,PowerStore T3000,PS94837
NA-DS-04-03,datastore-1196,domain-c1031,VMFS-6,2048,519,1696,DSC-NA-CL-04-01,PowerStore,PowerStore T1000,PS41926
NA-DS-04-04,datastore-1197,domain-c1031,VMFS-6,8192,2969,5968,DSC-NA-CL-04-01,PowerStore,PowerStore T3000,PS25183
EU-DS-01-01,datastore-1198,domain-c1032,VMFS-6,2048,742,1790,DSC-EU-CL-01-01,PowerStore,PowerStore T1000,PS34974
EU-DS-01-02,datastore-1199,domain-c1032,VMFS-6,8192,2662,5801,DSC-EU-CL-01-01,Unity XT,Unity XT 880,PS74733
EU-DS-01-03,datastore-1200,domain-c1032,VMFS-6,2048,541,1730,DSC-EU-CL-01-01,Unity XT,Unity XT 480,PS94766
EU-DS-01-04,datastore-1201,domain-c1032,NFS,4096,1004,3440,DSC-EU-CL-01-01,PowerStore,PowerStore T1000,PS21180
EU-DS-02-01,datastore-1202,domain-c1033,NFS,16384,6014,12247,DSC-EU-CL-02-01,Unity XT,Unity XT 880,PS89133
EU-DS-02-02,datastore-1203,domain-c1033,VMFS-6,4096,1281,3046,DSC-EU-CL-02-01,PowerStore,PowerStore T1000,PS88784
EU-DS-02-03,datastore-1204,domain-c1033,NFS,16384,3938,11800,DSC-EU-CL-02-01,PowerStore,PowerStore T3000,PS93881
EU-DS-02-04,datastore-1205,domain-c1033,VMFS-6,2048,578,1660,DSC-EU-CL-02-01,PowerStore,PowerStore T3000,PS60876
EU-DS-02-05,datastore-1206,domain-c1033,VMFS-6,8192,3120,5868,DSC-EU-CL-02-01,PowerStore,PowerStore T3000,PS51112
EU-DS-02-06,datastore-1207,domain-c1033,VMFS-6,2048,498,1549,DSC-EU-CL-02-01,Unity XT,Unity XT 880,PS23441
EU-DS-03-01,datastore-1208,domain-c1034,VMFS-6,16384,5201,12648,DSC-EU-CL-03-01,PowerStore,PowerStore T1000,PS53169
EU-DS-03-02,datastore-1209,domain-c1034,NFS,8192,2102,5973,DSC-EU-CL-03-01,PowerStore,PowerStore T1000,PS29323
EU-DS-03-03,datastore-1210,domain-c1034,VMFS-6,16384,5837,11836,DSC-EU-CL-03-01,PowerStore,PowerStore T1000,PS16943
EU-DS-03-04,datastore-1211,domain-c1034,NFS,2048,680,1699,DSC-EU-CL-03-01,PowerStore,PowerStore T1000,PS89083
EU-DS-03-05,datastore-1212,domain-c1034,VMFS-6,4096,1048,3634,DSC-EU-CL-03-01,Unity XT,Unity XT 880,PS63201
EU-DS-03-06,datastore-1213,domain-c1034,NFS,16384,3790,13049,DSC-EU-CL-03-01,Unity XT,Unity XT 880,PS78812
EU-DS-03-07,datastore-1214,domain-c1034,VMFS-6,16384,5326,12248,DSC-EU-CL-03-01,Unity XT,Unity XT 880,PS96957
EU-DS-03-08,datastore-1215,domain-c1034,VMFS-6,4096,891,3513,DSC-EU-CL-03-01,Unity XT,Unity XT 480,PS25924
EU-DS-04-01,datastore-1216,domain-c1035,NFS,16384,6103,14593,DSC-EU-CL-04-01,PowerStore,PowerStore T1000,PS72150
EU-DS-04-02,datastore-1217,domain-c1035,NFS,4096,819,3531,DSC-EU-CL-04-01,Unity XT,Unity XT 480,PS32164
EU-DS-04-03,datastore-1218,domain-c1035,VMFS-6,16384,4802,11926,DSC-EU-CL-04-01,PowerStore,PowerStore T1000,PS15350
EU-DS-04-04,datastore-1219,domain-c1035,VMFS-6,4096,1001,3481,DSC-EU-CL-04-01,PowerStore,PowerStore T3000,PS48097
APAC-DS-01-01,datastore-1220,domain-c1036,VMFS-6,16384,4134,14297,DSC-APAC-CL-01-01,Unity XT,Unity XT 880,PS16579
APAC-DS-01-02,datastore-1221,domain-c1036,VMFS-6,16384,5363,11539,DSC-APAC-CL-01-01,Unity XT,Unity XT 480,PS20595
APAC-DS-01-03,datastore-1222,domain-c1036,VMFS-6,16384,3421,12187,DSC-APAC-CL-01-01,PowerStore,PowerStore T3000,PS45166
APAC-DS-01-04,datastore-1223,domain-c1036,VMFS-6,2048,653,1736,DSC-APAC-CL-01-01,Unity XT,Unity XT 880,PS69807
APAC-DS-01-05,datastore-1224,domain-c1036,VMFS-6,16384,6028,12541,DSC-APAC-CL-01-01,Unity XT,Unity XT 880,PS26574
APAC-DS-01-06,datastore-1225,domain-c1036,VMFS-6,2048,744,1443,DSC-APAC-CL-01-01,Unity XT,Unity XT 880,PS96717
APAC-DS-01-07,datastore-1226,domain-c1036,VMFS-6,2048,421,1524,DSC-APAC-CL-01-01,Unity XT,Unity XT 480,PS63080
APAC-DS-02-01,datastore-1227,domain-c1037,VMFS-6,16384,6041,13381,DSC-APAC-CL-02-01,PowerStore,PowerStore T3000,PS73540
APAC-DS-02-02,datastore-1228,domain-c1037,VMFS-6,4096,1545,3596,DSC-APAC-CL-02-01,Unity XT,Unity XT 480,PS86253
APAC-DS-02-03,datastore-1229,domain-c1037,VMFS-6,2048,791,1791,DSC-APAC-CL-02-01,PowerStore,PowerStore T3000,PS50850
APAC-DS-02-04,datastore-1230,domain-c1037,VMFS-6,8192,2729,6812,DSC-APAC-CL-02-01,Unity XT,Unity XT 480,PS79558
APAC-DS-02-05,datastore-1231,domain-c1037,VMFS-6,16384,5481,11620,DSC-APAC-CL-02-01,PowerStore,PowerStore T1000,PS50245
APAC-DS-02-06,datastore-1232,domain-c1037,VMFS-6,4096,1619,3123,DSC-APAC-CL-02-01,PowerStore,PowerStore T3000,PS54739
APAC-DS-02-07,datastore-1233,domain-c1037,VMFS-6,2048,446,1617,DSC-APAC-CL-02-01,Unity XT,Unity XT 480,PS63228
APAC-DS-03-01,datastore-1234,domain-c1038,VMFS-6,16384,3559,14132,DSC-APAC-CL-03-01,Unity XT,Unity XT 880,PS83812
APAC-DS-03-02,datastore-1235,domain-c1038,VMFS-6,4096,923,2886,DSC-APAC-CL-03-01,PowerStore,PowerStore T1000,PS68804
APAC-DS-03-03,datastore-1236,domain-c1038,NFS,8192,2703,5816,DSC-APAC-CL-03-01,Unity XT,Unity XT 480,PS90670
APAC-DS-03-04,datastore-1237,domain-c1038,VMFS-6,2048,695,1819,DSC-APAC-CL-03-01,PowerStore,PowerStore T1000,PS37858
APAC-DS-03-05,datastore-1238,domain-c1038,NFS,4096,1481,3311,DSC-APAC-CL-03-01,Unity XT,Unity XT 480,PS87852
APAC-DS-03-06,datastore-1239,domain-c1038,VMFS-6,2048,806,1514,DSC-APAC-CL-03-01,Unity XT,Unity XT 480,PS10248
