name,moref,parent_cluster,vcenter_moref,cpu_cores,memory_gb,nic_count,datastores_count,status,model,vendor,serial,uptime
HQ-A-ESX-01-01,host-1000,domain-c1000,vc-26d8de60,96,768,8,12,Connected,PowerEdge R840,Dell,DELL652140,265.4294762256534
HQ-A-ESX-01-02,host-1001,domain-c1000,vc-26d8de60,96,768,8,9,Connected,PowerEdge R840,Dell,DELL907825,299.9573736777582
HQ-A-ESX-01-03,host-1002,domain-c1000,vc-26d8de60,96,768,8,13,Connected,PowerEdge R840,Dell,DELL860332,199.512847753715
HQ-A-ESX-01-04,host-1003,domain-c1000,vc-26d8de60,96,768,8,13,Connected,PowerEdge R840,Dell,DELL760749,398.5834055931546
HQ-A-ESX-01-05,host-1004,domain-c1000,vc-26d8de60,96,768,8,11,Connected,PowerEdge R840,Dell,DELL489106,238.29501659139285
HQ-A-ESX-01-06,host-1005,domain-c1000,vc-26d8de60,96,768,8,13,Connected,PowerEdge R840,Dell,DELL730854,354.1635797488235
HQ-A-ESX-01-07,host-1006,domain-c1000,vc-26d8de60,96,768,8,16,Connected,PowerEdge R840,Dell,DELL487801,230.83778217569255
HQ-A-ESX-01-08,host-1007,domain-c1000,vc-26d8de60,96,768,8,16,Connected,PowerEdge R840,Dell,DELL216375,318.1274916003113
HQ-A-ESX-01-09,host-1008,domain-c1000,vc-26d8de60,96,768,8,14,Connected,PowerEdge R840,Dell,DELL339749,370.28435018657535
HQ-A-ESX-01-10,host-1009,domain-c1000,vc-26d8de60,96,768,8,14,Connected,PowerEdge R840,Dell,DELL271555,190.97775444880313
HQ-A-ESX-01-11,host-1010,domain-c1000,vc-26d8de60,96,768,8,14,Connected,PowerEdge R840,Dell,DELL343079,227.19153357097395
HQ-A-ESX-01-12,host-1011,domain-c1000,vc-26d8de60,96,768,8,16,Connected,PowerEdge R840,Dell,DELL550380,342.73212082852916
HQ-A-ESX-01-13,host-1012,domain-c1000,vc-26d8de60,96,768,8,15,Connected,PowerEdge R840,Dell,DELL481922,273.6167162704362
HQ-A-ESX-01-14,host-1013,domain-c1000,vc-26d8de60,96,768,8,15,Connected,PowerEdge R840,Dell,DELL450539,271.50013107835844
HQ-A-ESX-01-15,host-1014,domain-c1000,vc-26d8de60,96,768,8,16,Connected,PowerEdge R840,Dell,DELL512482,260.67227142188415
HQ-A-ESX-01-16,host-1015,domain-c1000,vc-26d8de60,96,768,8,13,Connected,PowerEdge R840,Dell,DELL577587,146.82304523048438
HQ-A-ESX-01-17,host-1016,domain-c1000,vc-26d8de60,96,768,8,10,Connected,PowerEdge R840,Dell,DELL549517,112.52110078363387
HQ-A-ESX-01-18,host-1017,domain-c1000,vc-26d8de60,96,768,8,10,Connected,PowerEdge R840,Dell,DELL889073,363.65541893231074
HQ-A-ESX-01-19,host-1018,domain-c1000,vc-26d8de60,96,768,8,15,Connected,PowerEdge R840,Dell,DELL332209,283.1413690624746
HQ-A-ESX-01-20,host-1019,domain-c1000,vc-26d8de60,96,768,8,14,Connected,PowerEdge R840,Dell,DELL614596,329.61459969953074
HQ-A-ESX-02-01,host-1020,domain-c1001,vc-26d8de60,96,768,8,16,Connected,PowerEdge R840,Dell,DELL933095,187.9664316317669
HQ-A-ESX-02-02,host-1021,domain-c1001,vc-26d8de60,96,768,8,12,Maintenance,PowerEdge R840,Dell,DELL445312,300.52191254981614
HQ-A-ESX-02-03,host-1022,domain-c1001,vc-26d8de60,96,768,8,10,Connected,PowerEdge R840,Dell,DELL318281,209.3681245115573
HQ-A-ESX-02-04,host-1023,domain-c1001,vc-26d8de60,96,768,8,9,Connected,PowerEdge R840,Dell,DELL845895,244.3551994348566
HQ-A-ESX-02-05,host-1024,domain-c1001,vc-26d8de60,96,768,8,8,Connected,PowerEdge R840,Dell,DELL439444,129.18796076220255
HQ-A-ESX-02-06,host-1025,domain-c1001,vc-26d8de60,96,768,8,9,Connected,PowerEdge R840,Dell,DELL208270,393.73875278495467
HQ-A-ESX-02-07,host-1026,domain-c1001,vc-26d8de60,96,768,8,8,Connected,PowerEdge R840,Dell,DELL102045,257.98419900990814
HQ-A-ESX-02-08,host-1027,domain-c1001,vc-26d8de60,96,768,8,13,Connected,PowerEdge R840,Dell,DELL841138,349.568723350253
HQ-A-ESX-02-09,host-1028,domain-c1001,vc-26d8de60,96,768,8,12,Connected,PowerEdge R840,Dell,DELL638025,181.6770498739056
HQ-A-ESX-02-10,host-1029,domain-c1001,vc-26d8de60,96,768,8,8,Connected,PowerEdge R840,Dell,DELL913424,327.34997657793014
HQ-A-ESX-02-11,host-1030,domain-c1001,vc-26d8de60,96,768,8,8,Connected,PowerEdge R840,Dell,DELL713743,100.89339048152883
HQ-A-ESX-02-12,host-1031,domain-c1001,vc-26d8de60,96,768,8,15,Connected,PowerEdge R840,Dell,DELL224763,196.3220230301659
HQ-A-ESX-02-13,host-1032,domain-c1001,vc-26d8de60,96,768,8,14,Connected,PowerEdge R840,Dell,DELL708692,106.60583593724823
HQ-A-ESX-02-14,host-1033,domain-c1001,vc-26d8de60,96,768,8,8,Connected,PowerEdge R840,Dell,DELL898855,351.3951061951461
HQ-A-ESX-02-15,host-1034,domain-c1001,vc-26d8de60,96,768,8,10,Connected,PowerEdge R840,Dell,DELL264773,301.35475443017776
HQ-A-ESX-02-16,host-1035,domain-c1001,vc-26d8de60,96,768,8,13,Connected,PowerEdge R840,Dell,DELL192789,292.5295392083351
HQ-A-ESX-02-17,host-1036,domain-c1001,vc-26d8de60,96,768,8,14,Maintenance,PowerEdge R840,Dell,DELL916893,171.96117888871908
HQ-A-ESX-02-18,host-1037,domain-c1001,vc-26d8de60,96,768,8,8,Connected,PowerEdge R840,Dell,DELL999391,247.67072158356922
HQ-A-ESX-02-19,host-1038,domain-c1001,vc-26d8de60,96,768,8,9,Connected,PowerEdge R840,Dell,DELL913626,318.08949413181233
HQ-A-ESX-02-20,host-1039,domain-c1001,vc-26d8de60,96,768,8,16,Connected,PowerEdge R840,Dell,DELL894832,246.69342344990798
HQ-A-ESX-02-21,host-1040,domain-c1001,vc-26d8de60,96,768,8,15,Connected,PowerEdge R840,Dell,DELL472632,253.63861932326145
HQ-A-ESX-02-22,host-1041,domain-c1001,vc-26d8de60,96,768,8,12,Maintenance,PowerEdge R840,Dell,DELL910144,224.14968802676918
HQ-A-ESX-02-23,host-1042,domain-c1001,vc-26d8de60,96,768,8,14,Connected,PowerEdge R840,Dell,DELL825232,373.68408614192674
HQ-A-ESX-02-24,host-1043,domain-c1001,vc-26d8de60,96,768,8,15,Connected,PowerEdge R840,Dell,DELL256937,312.23757129816073
HQ-A-ESX-03-01,host-1044,domain-c1002,vc-26d8de60,48,384,8,13,Connected,PowerEdge R750,Dell,DELL922877,154.65207969787852
HQ-A-ESX-03-02,host-1045,domain-c1002,vc-26d8de60,48,384,8,13,Connected,PowerEdge R750,Dell,DELL619556,399.46751765277435
HQ-A-ESX-03-03,host-1046,domain-c1002,vc-26d8de60,48,384,8,9,Connected,PowerEdge R750,Dell,DELL623775,130.9460259378884
HQ-A-ESX-03-04,host-1047,domain-c1002,vc-26d8de60,48,384,8,11,Connected,PowerEdge R750,Dell,DELL693287,239.1329674734602
HQ-A-ESX-04-01,host-1048,domain-c1003,vc-26d8de60,96,768,8,8,Connected,PowerEdge R840,Dell,DELL555329,358.9978867575636
HQ-A-ESX-04-02,host-1049,domain-c1003,vc-26d8de60,96,768,8,8,Connected,PowerEdge R840,Dell,DELL957376,336.1728098480547
HQ-A-ESX-04-03,host-1050,domain-c1003,vc-26d8de60,96,768,8,13,Maintenance,PowerEdge R840,Dell,DELL804911,199.69861992513853
HQ-A-ESX-04-04,host-1051,domain-c1003,vc-26d8de60,96,768,8,15,Connected,PowerEdge R840,Dell,DELL457484,194.8774720959044
HQ-A-ESX-04-05,host-1052,domain-c1003,vc-26d8de60,96,768,8,16,Connected,PowerEdge R840,Dell,DELL301305,293.29248318209557
HQ-A-ESX-04-06,host-1053,domain-c1003,vc-26d8de60,96,768,8,12,Connected,PowerEdge R840,Dell,DELL995191,158.5939149100144
HQ-A-ESX-04-07,host-1054,domain-c1003,vc-26d8de60,96,768,8,10,Connected,PowerEdge R840,Dell,DELL255435,195.15056642737613
HQ-A-ESX-04-08,host-1055,domain-c1003,vc-26d8de60,96,768,8,10,Connected,PowerEdge R840,Dell,DELL966226,228.3454846987763
HQ-A-ESX-04-09,host-1056,domain-c1003,vc-26d8de60,96,768,8,8,Connected,PowerEdge R840,Dell,DELL435686,322.4132542814298
HQ-A-ESX-04-10,host-1057,domain-c1003,vc-26d8de60,96,768,8,8,Connected,PowerEdge R840,Dell,DELL646766,209.712370544464
HQ-A-ESX-04-11,host-1058,domain-c1003,vc-26d8de60,96,768,8,10,Connected,PowerEdge R840,Dell,DELL620614,249.75388056825557
HQ-A-ESX-04-12,host-1059,domain-c1003,vc-26d8de60,96,768,8,8,Connected,PowerEdge R840,Dell,DELL885423,304.74386592952135
HQ-A-ESX-04-13,host-1060,domain-c1003,vc-26d8de60,96,768,8,13,Connected,PowerEdge R840,Dell,DELL680014,151.94364316713845
HQ-A-ESX-04-14,host-1061,domain-c1003,vc-26d8de60,96,768,8,15,Connected,PowerEdge R840,Dell,DELL209953,355.7449101213234
HQ-A-ESX-04-15,host-1062,domain-c1003,vc-26d8de60,96,768,8,11,Connected,PowerEdge R840,Dell,DELL581612,387.28296096878177
HQ-A-ESX-04-16,host-1063,domain-c1003,vc-26d8de60,96,768,8,11,Connected,PowerEdge R840,Dell,DELL641038,222.08931809656016
HQ-A-ESX-04-17,host-1064,domain-c1003,vc-26d8de60,96,768,8,12,Connected,PowerEdge R840,Dell,DELL251217,259.3090038977941
HQ-A-ESX-04-18,host-1065,domain-c1003,vc-26d8de60,96,768,8,10,Connected,PowerEdge R840,Dell,DELL312628,151.18136847668123
HQ-A-ESX-04-19,host-1066,domain-c1003,vc-26d8de60,96,768,8,16,Connected,PowerEdge R840,Dell,DELL375152,120.78040934336791
HQ-A-ESX-04-20,host-1067,domain-c1003,vc-26d8de60,96,768,8,11,Connected,PowerEdge R840,Dell,DELL581883,222.04333776309528
HQ-A-ESX-04-21,host-1068,domain-c1003,vc-26d8de60,96,768,8,14,Connected,PowerEdge R840,Dell,DELL979580,193.50649525428122
HQ-A-ESX-04-22,host-1069,domain-c1003,vc-26d8de60,96,768,8,9,Connected,PowerEdge R840,Dell,DELL849291,117.4066487269294
HQ-A-ESX-04-23,host-1070,domain-c1003,vc-26d8de60,96,768,8,15,Connected,PowerEdge R840,Dell,DELL867369,302.45420106837037
HQ-A-ESX-04-24,host-1071,domain-c1003,vc-26d8de60,96,768,8,14,Connected,PowerEdge R840,Dell,DELL145112,262.89772887085974
HQ-A-ESX-04-25,host-1072,domain-c1003,vc-26d8de60,96,768,8,8,Connected,PowerEdge R840,Dell,DELL186585,177.47406409033866
HQ-A-ESX-04-26,host-1073,domain-c1003,vc-26d8de60,96,768,8,8,Connected,PowerEdge R840,Dell,DELL578875,273.1609482229108
HQ-A-ESX-04-27,host-1074,domain-c1003,vc-26d8de60,96,768,8,10,Connected,PowerEdge R840,Dell,DELL128874,260.9742405960522
HQ-A-ESX-04-28,host-1075,domain-c1003,vc-26d8de60,96,768,8,11,Connected,PowerEdge R840,Dell,DELL789774,379.4783998364977
HQ-A-ESX-04-29,host-1076,domain-c1003,vc-26d8de60,96,768,8,9,Connected,PowerEdge R840,Dell,DELL228177,341.0643192205546
HQ-A-ESX-04-30,host-1077,domain-c1003,vc-26d8de60,96,768,8,8,Connected,PowerEdge R840,Dell,DELL661468,265.6537054426318
HQ-A-ESX-05-01,host-1078,domain-c1004,vc-26d8de60,48,384,8,12,Connected,PowerEdge R750,Dell,DELL755424,310.52223018227494
HQ-A-ESX-05-02,host-1079,domain-c1004,vc-26d8de60,48,384,8,12,Connected,PowerEdge R750,Dell,DELL389905,114.51892912221109
HQ-A-ESX-05-03,host-1080,domain-c1004,vc-26d8de60,48,384,8,11,Connected,PowerEdge R750,Dell,DELL739082,141.6179553654983
HQ-A-ESX-05-04,host-1081,domain-c1004,vc-26d8de60,48,384,8,12,Connected,PowerEdge R750,Dell,DELL436658,300.24589059388177
HQ-A-ESX-05-05,host-1082,domain-c1004,vc-26d8de60,48,384,8,12,Maintenance,PowerEdge R750,Dell,DELL408681,282.4268607053589
HQ-A-ESX-05-06,host-1083,domain-c1004,vc-26d8de60,48,384,8,12,Connected,PowerEdge R750,Dell,DELL672037,132.03167118034287
HQ-A-ESX-05-07,host-1084,domain-c1004,vc-26d8de60,48,384,8,10,Connected,PowerEdge R750,Dell,DELL823382,385.7295607594773
HQ-A-ESX-05-08,host-1085,domain-c1004,vc-26d8de60,48,384,8,13,Connected,PowerEdge R750,Dell,DELL508577,298.50792323731093
HQ-A-ESX-05-09,host-1086,domain-c1004,vc-26d8de60,48,384,8,16,Connected,PowerEdge R750,Dell,DELL362140,141.14155379120035
HQ-A-ESX-05-10,host-1087,domain-c1004,vc-26d8de60,48,384,8,14,Connected,PowerEdge R750,Dell,DELL343996,191.45783175451305
HQ-A-ESX-05-11,host-1088,domain-c1004,vc-26d8de60,48,384,8,13,Connected,PowerEdge R750,Dell,DELL498188,221.8251962170157
HQ-A-ESX-05-12,host-1089,domain-c1004,vc-26d8de60,48,384,8,15,Connected,PowerEdge R750,Dell,DELL482791,299.90996457371585
HQ-A-ESX-05-13,host-1090,domain-c1004,vc-26d8de60,48,384,8,13,Connected,PowerEdge R750,Dell,DELL791559,279.3281830860194
HQ-A-ESX-05-14,host-1091,domain-c1004,vc-26d8de60,48,384,8,12,Connected,PowerEdge R750,Dell,DELL167526,387.27236092321004
HQ-A-ESX-06-01,host-1092,domain-c1005,vc-26d8de60,96,768,8,11,Connected,PowerEdge R840,Dell,DELL589648,176.02909793340615
HQ-A-ESX-06-02,host-1093,domain-c1005,vc-26d8de60,96,768,8,12,Maintenance,PowerEdge R840,Dell,DELL186460,355.4813648923439
HQ-A-ESX-06-03,host-1094,domain-c1005,vc-26d8de60,96,768,8,9,Connected,PowerEdge R840,Dell,DELL639918,360.20087359108004
HQ-A-ESX-06-04,host-1095,domain-c1005,vc-26d8de60,96,768,8,12,Connected,PowerEdge R840,Dell,DELL121004,283.74580934926917
HQ-A-ESX-06-05,host-1096,domain-c1005,vc-26d8de60,96,768,8,8,Connected,PowerEdge R840,Dell,DELL418878,109.30274970500577
HQ-A-ESX-06-06,host-1097,domain-c1005,vc-26d8de60,96,768,8,11,Connected,PowerEdge R840,Dell,DELL521035,153.5320624643033
HQ-A-ESX-06-07,host-1098,domain-c1005,vc-26d8de60,96,768,8,14,Connected,PowerEdge R840,Dell,DELL221085,248.39023930384906
HQ-A-ESX-06-08,host-1099,domain-c1005,vc-26d8de60,96,768,8,16,Connected,PowerEdge R840,Dell,DELL695595,328.9382029258521
HQ-A-ESX-06-09,host-1100,domain-c1005,vc-26d8de60,96,768,8,9,Connected,PowerEdge R840,Dell,DELL863799,301.85688900854484
HQ-A-ESX-06-10,host-1101,domain-c1005,vc-26d8de60,96,768,8,10,Connected,PowerEdge R840,Dell,DELL838367,303.3379983188627
HQ-A-ESX-06-11,host-1102,domain-c1005,vc-26d8de60,96,768,8,16,Connected,PowerEdge R840,Dell,DELL629003,370.03874941887
HQ-A-ESX-06-12,host-1103,domain-c1005,vc-26d8de60,96,768,8,13,Connected,PowerEdge R840,Dell,DELL524868,168.95228082394704
HQ-A-ESX-06-13,host-1104,domain-c1005,vc-26d8de60,96,768,8,9,Connected,PowerEdge R840,Dell,DELL456104,316.6679334167855
HQ-A-ESX-06-14,host-1105,domain-c1005,vc-26d8de60,96,768,8,14,Connected,PowerEdge R840,Dell,DELL463578,246.9314841488874
HQ-A-ESX-06-15,host-1106,domain-c1005,vc-26d8de60,96,768,8,10,Connected,PowerEdge R840,Dell,DELL550650,155.98830552582268
HQ-A-ESX-06-16,host-1107,domain-c1005,vc-26d8de60,96,768,8,12,Connected,PowerEdge R840,Dell,DELL499494,309.88720632361617
HQ-A-ESX-06-17,host-1108,domain-c1005,vc-26d8de60,96,768,8,15,Connected,PowerEdge R840,Dell,DELL324850,240.29971043534783
HQ-A-ESX-06-18,host-1109,domain-c1005,vc-26d8de60,96,768,8,15,Connected,PowerEdge R840,Dell,DELL751677,120.38025983188483
HQ-A-ESX-06-19,host-1110,domain-c1005,vc-26d8de60,96,768,8,8,Connected,PowerEdge R840,Dell,DELL583429,272.0314134627454
HQ-A-ESX-06-20,host-1111,domain-c1005,vc-26d8de60,96,768,8,16,Connected,PowerEdge R840,Dell,DELL700257,312.74963231055074
HQ-A-ESX-06-21,host-1112,domain-c1005,vc-26d8de60,96,768,8,9,Connected,PowerEdge R840,Dell,DELL736131,377.3272894154265
HQ-A-ESX-06-22,host-1113,domain-c1005,vc-26d8de60,96,768,8,16,Connected,PowerEdge R840,Dell,DELL370507,217.7715960671632
HQ-A-ESX-06-23,host-1114,domain-c1005,vc-26d8de60,96,768,8,15,Connected,PowerEdge R840,Dell,DELL369370,151.02248235851891
HQ-A-ESX-06-24,host-1115,domain-c1005,vc-26d8de60,96,768,8,9,Connected,PowerEdge R840,Dell,DELL174876,204.8556351411695
HQ-A-ESX-06-25,host-1116,domain-c1005,vc-26d8de60,96,768,8,11,Connected,PowerEdge R840,Dell,DELL258642,386.76250260243563
HQ-A-ESX-06-26,host-1117,domain-c1005,vc-26d8de60,96,768,8,14,Connected,PowerEdge R840,Dell,DELL169239,256.81225200031565
HQ-A-ESX-06-27,host-1118,domain-c1005,vc-26d8de60,96,768,8,12,Connected,PowerEdge R840,Dell,DELL263230,312.0111495813162
HQ-A-ESX-06-28,host-1119,domain-c1005,vc-26d8de60,96,768,8,11,Connected,PowerEdge R840,Dell,DELL500038,196.92307920359838
HQ-A-ESX-06-29,host-1120,domain-c1005,vc-26d8de60,96,768,8,10,Connected,PowerEdge R840,Dell,DELL668534,161.8482639636034
HQ-A-ESX-06-30,host-1121,domain-c1005,vc-26d8de60,96,768,8,8,Connected,PowerEdge R840,Dell,DELL905392,239.30062143923612
HQ-A-ESX-06-31,host-1122,domain-c1005,vc-26d8de60,96,768,8,13,Connected,PowerEdge R840,Dell,DELL885072,269.66812925540137
HQ-A-ESX-06-32,host-1123,domain-c1005,vc-26d8de60,96,768,8,14,Connected,PowerEdge R840,Dell,DELL942663,209.35307016728018
HQ-A-ESX-07-01,host-1124,domain-c1006,vc-26d8de60,48,384,8,12,Maintenance,PowerEdge R750,Dell,DELL780289,200.66090222158806
HQ-A-ESX-07-02,host-1125,domain-c1006,vc-26d8de60,48,384,8,12,Connected,PowerEdge R750,Dell,DELL866211,301.04392149671867
HQ-A-ESX-07-03,host-1126,domain-c1006,vc-26d8de60,48,384,8,12,Connected,PowerEdge R750,Dell,DELL491917,119.34950568434013
HQ-A-ESX-07-04,host-1127,domain-c1006,vc-26d8de60,48,384,8,8,Connected,PowerEdge R750,Dell,DELL403023,353.70916758743107
HQ-A-ESX-07-05,host-1128,domain-c1006,vc-26d8de60,48,384,8,11,Connected,PowerEdge R750,Dell,DELL994434,123.69216586752981
HQ-A-ESX-07-06,host-1129,domain-c1006,vc-26d8de60,48,384,8,16,Connected,PowerEdge R750,Dell,DELL902966,239.76035112430006
HQ-A-ESX-07-07,host-1130,domain-c1006,vc-26d8de60,48,384,8,12,Connected,PowerEdge R750,Dell,DELL998459,182.38752733649338
HQ-A-ESX-07-08,host-1131,domain-c1006,vc-26d8de60,48,384,8,16,Connected,PowerEdge R750,Dell,DELL578876,348.221367199318
HQ-A-ESX-07-09,host-1132,domain-c1006,vc-26d8de60,48,384,8,9,Connected,PowerEdge R750,Dell,DELL643648,324.52951755328513
HQ-A-ESX-07-10,host-1133,domain-c1006,vc-26d8de60,48,384,8,9,Connected,PowerEdge R750,Dell,DELL583097,245.91012027722192
HQ-A-ESX-07-11,host-1134,domain-c1006,vc-26d8de60,48,384,8,15,Connected,PowerEdge R750,Dell,DELL289489,122.37524113744311
HQ-A-ESX-07-12,host-1135,domain-c1006,vc-26d8de60,48,384,8,15,Connected,PowerEdge R750,Dell,DELL360298,288.7711682626722
HQ-A-ESX-07-13,host-1136,domain-c1006,vc-26d8de60,48,384,8,10,Connected,PowerEdge R750,Dell,DELL865191,392.12046027674353
HQ-A-ESX-07-14,host-1137,domain-c1006,vc-26d8de60,48,384,8,11,Connected,PowerEdge R750,Dell,DELL154570,161.1826797483357
HQ-A-ESX-07-15,host-1138,domain-c1006,vc-26d8de60,48,384,8,9,Connected,PowerEdge R750,Dell,DELL118489,179.16670449604717
HQ-A-ESX-07-16,host-1139,domain-c1006,vc-26d8de60,48,384,8,9,Connected,PowerEdge R750,Dell,DELL283127,111.39482244613353
HQ-A-ESX-07-17,host-1140,domain-c1006,vc-26d8de60,48,384,8,14,Connected,PowerEdge R750,Dell,DELL741188,121.52431606261104
HQ-A-ESX-07-18,host-1141,domain-c1006,vc-26d8de60,48,384,8,10,Connected,PowerEdge R750,Dell,DELL500711,197.21550258208265
HQ-A-ESX-07-19,host-1142,domain-c1006,vc-26d8de60,48,384,8,9,Connected,PowerEdge R750,Dell,DELL783855,395.5940313289566
HQ-A-ESX-01-01,host-1143,domain-c1007,vc-26d8de60,96,768,8,14,Connected,PowerEdge R840,Dell,DELL801029,134.29119321661864
HQ-A-ESX-01-02,host-1144,domain-c1007,vc-26d8de60,96,768,8,14,Connected,PowerEdge R840,Dell,DELL254791,205.43556921336864
HQ-A-ESX-01-03,host-1145,domain-c1007,vc-26d8de60,96,768,8,9,Connected,PowerEdge R840,Dell,DELL981054,177.2164734523959
HQ-A-ESX-01-04,host-1146,domain-c1007,vc-26d8de60,96,768,8,8,Connected,PowerEdge R840,Dell,DELL537416,245.71846842894453
HQ-A-ESX-01-05,host-1147,domain-c1007,vc-26d8de60,96,768,8,10,Maintenance,PowerEdge R840,Dell,DELL668162,153.11144127672105
HQ-A-ESX-01-06,host-1148,domain-c1007,vc-26d8de60,96,768,8,14,Maintenance,PowerEdge R840,Dell,DELL319386,188.7722270230724
HQ-A-ESX-01-07,host-1149,domain-c1007,vc-26d8de60,96,768,8,9,Connected,PowerEdge R840,Dell,DELL854954,291.73044598685635
HQ-A-ESX-01-08,host-1150,domain-c1007,vc-26d8de60,96,768,8,10,Connected,PowerEdge R840,Dell,DELL389853,282.29018851053087
HQ-A-ESX-01-09,host-1151,domain-c1007,vc-26d8de60,96,768,8,14,Connected,PowerEdge R840,Dell,DELL127715,197.29321693373487
HQ-A-ESX-01-10,host-1152,domain-c1007,vc-26d8de60,96,768,8,10,Connected,PowerEdge R840,Dell,DELL836168,337.5300062607321
HQ-A-ESX-01-11,host-1153,domain-c1007,vc-26d8de60,96,768,8,14,Connected,PowerEdge R840,Dell,DELL628698,366.89687462831364
HQ-A-ESX-01-12,host-1154,domain-c1007,vc-26d8de60,96,768,8,13,Connected,PowerEdge R840,Dell,DELL718304,391.89873772235325
HQ-A-ESX-01-13,host-1155,domain-c1007,vc-26d8de60,96,768,8,16,Connected,PowerEdge R840,Dell,DELL215305,117.46543261089022
HQ-A-ESX-01-14,host-1156,domain-c1007,vc-26d8de60,96,768,8,10,Connected,PowerEdge R840,Dell,DELL331702,261.7995342777368
HQ-A-ESX-01-15,host-1157,domain-c1007,vc-26d8de60,96,768,8,8,Connected,PowerEdge R840,Dell,DELL394163,338.5521800555215
HQ-A-ESX-01-16,host-1158,domain-c1007,vc-26d8de60,96,768,8,9,Connected,PowerEdge R840,Dell,DELL788533,329.1265279216971
HQ-A-ESX-01-17,host-1159,domain-c1007,vc-26d8de60,96,768,8,13,Connected,PowerEdge R840,Dell,DELL558386,311.3433762223706
HQ-A-ESX-01-18,host-1160,domain-c1007,vc-26d8de60,96,768,8,15,Connected,PowerEdge R840,Dell,DELL961748,192.59134287496414
HQ-A-ESX-02-01,host-1161,domain-c1008,vc-26d8de60,48,384,8,11,Connected,PowerEdge R750,Dell,DELL187638,102.33005268359756
HQ-A-ESX-02-02,host-1162,domain-c1008,vc-26d8de60,48,384,8,10,Connected,PowerEdge R750,Dell,DELL828879,229.54932435488107
HQ-A-ESX-02-03,host-1163,domain-c1008,vc-26d8de60,48,384,8,16,Connected,PowerEdge R750,Dell,DELL891985,301.06553855568006
HQ-A-ESX-02-04,host-1164,domain-c1008,vc-26d8de60,48,384,8,12,Connected,PowerEdge R750,Dell,DELL868798,330.3274191878871
HQ-A-ESX-02-05,host-1165,domain-c1008,vc-26d8de60,48,384,8,15,Connected,PowerEdge R750,Dell,DELL148730,365.01458337392995
HQ-A-ESX-02-06,host-1166,domain-c1008,vc-26d8de60,48,384,8,11,Connected,PowerEdge R750,Dell,DELL121295,105.36946896531661
HQ-A-ESX-02-07,host-1167,domain-c1008,vc-26d8de60,48,384,8,9,Connected,PowerEdge R750,Dell,DELL353050,326.75938957520407
HQ-A-ESX-02-08,host-1168,domain-c1008,vc-26d8de60,48,384,8,9,Connected,PowerEdge R750,Dell,DELL794848,372.9777133919728
HQ-A-ESX-02-09,host-1169,domain-c1008,vc-26d8de60,48,384,8,13,Connected,PowerEdge R750,Dell,DELL940846,294.93118015833375
HQ-A-ESX-02-10,host-1170,domain-c1008,vc-26d8de60,48,384,8,13,Connected,PowerEdge R750,Dell,DELL527090,312.8791173880886
HQ-A-ESX-02-11,host-1171,domain-c1008,vc-26d8de60,48,384,8,13,Connected,PowerEdge R750,Dell,DELL583594,292.47254478070715
HQ-A-ESX-02-12,host-1172,domain-c1008,vc-26d8de60,48,384,8,8,Connected,PowerEdge R750,Dell,DELL604516,150.8812052676969
HQ-A-ESX-02-13,host-1173,domain-c1008,vc-26d8de60,48,384,8,9,Connected,PowerEdge R750,Dell,DELL286692,103.4368639299685
HQ-A-ESX-02-14,host-1174,domain-c1008,vc-26d8de60,48,384,8,12,Connected,PowerEdge R750,Dell,DELL315591,205.79797433711968
HQ-A-ESX-02-15,host-1175,domain-c1008,vc-26d8de60,48,384,8,12,Connected,PowerEdge R750,Dell,DELL432541,221.3436100651901
HQ-A-ESX-02-16,host-1176,domain-c1008,vc-26d8de60,48,384,8,10,Connected,PowerEdge R750,Dell,DELL791809,125.88347305093629
HQ-A-ESX-02-17,host-1177,domain-c1008,vc-26d8de60,48,384,8,8,Connected,PowerEdge R750,Dell,DELL127880,234.10843224469437
HQ-A-ESX-02-18,host-1178,domain-c1008,vc-26d8de60,48,384,8,13,Connected,PowerEdge R750,Dell,DELL305904,341.2098258781359
HQ-A-ESX-02-19,host-1179,domain-c1008,vc-26d8de60,48,384,8,9,Maintenance,PowerEdge R750,Dell,DELL228653,231.73863749213183
HQ-A-ESX-02-20,host-1180,domain-c1008,vc-26d8de60,48,384,8,16,Connected,PowerEdge R750,Dell,DELL478369,358.42791616345187
HQ-A-ESX-02-21,host-1181,domain-c1008,vc-26d8de60,48,384,8,10,Connected,PowerEdge R750,Dell,DELL584988,368.1981991934512
HQ-A-ESX-02-22,host-1182,domain-c1008,vc-26d8de60,48,384,8,16,Maintenance,PowerEdge R750,Dell,DELL691899,251.21916440696555
HQ-A-ESX-02-23,host-1183,domain-c1008,vc-26d8de60,48,384,8,8,Connected,PowerEdge R750,Dell,DELL492307,101.36906495305378
HQ-A-ESX-02-24,host-1184,domain-c1008,vc-26d8de60,48,384,8,8,Maintenance,PowerEdge R750,Dell,DELL461851,226.27681454750063
HQ-A-ESX-02-25,host-1185,domain-c1008,vc-26d8de60,48,384,8,12,Connected,PowerEdge R750,Dell,DELL311711,124.29391203730825
HQ-A-ESX-02-26,host-1186,domain-c1008,vc-26d8de60,48,384,8,14,Connected,PowerEdge R750,Dell,DELL937160,170.1985096634025
HQ-A-ESX-02-27,host-1187,domain-c1008,vc-26d8de60,48,384,8,15,Maintenance,PowerEdge R750,Dell,DELL223277,343.49872907726353
HQ-A-ESX-02-28,host-1188,domain-c1008,vc-26d8de60,48,384,8,13,Connected,PowerEdge R750,Dell,DELL204564,126.96116869440085
HQ-A-ESX-02-29,host-1189,domain-c1008,vc-26d8de60,48,384,8,14,Connected,PowerEdge R750,Dell,DELL373816,108.75439460978984
HQ-A-ESX-02-30,host-1190,domain-c1008,vc-26d8de60,48,384,8,10,Connected,PowerEdge R750,Dell,DELL564705,398.7106130724211
HQ-A-ESX-02-31,host-1191,domain-c1008,vc-26d8de60,48,384,8,10,Connected,PowerEdge R750,Dell,DELL968485,223.6725500402351
HQ-A-ESX-02-32,host-1192,domain-c1008,vc-26d8de60,48,384,8,16,Connected,PowerEdge R750,Dell,DELL955514,155.20006019240597
HQ-A-ESX-03-01,host-1193,domain-c1009,vc-26d8de60,48,384,8,16,Maintenance,PowerEdge R750,Dell,DELL761464,391.9993760082124
HQ-A-ESX-03-02,host-1194,domain-c1009,vc-26d8de60,48,384,8,15,Maintenance,PowerEdge R750,Dell,DELL452515,344.9768213672728
HQ-A-ESX-03-03,host-1195,domain-c1009,vc-26d8de60,48,384,8,14,Connected,PowerEdge R750,Dell,DELL698917,314.6797751974898
HQ-A-ESX-03-04,host-1196,domain-c1009,vc-26d8de60,48,384,8,9,Connected,PowerEdge R750,Dell,DELL238246,283.13040390884606
HQ-A-ESX-03-05,host-1197,domain-c1009,vc-26d8de60,48,384,8,8,Connected,PowerEdge R750,Dell,DELL853105,379.1572640327552
HQ-A-ESX-03-06,host-1198,domain-c1009,vc-26d8de60,48,384,8,15,Connected,PowerEdge R750,Dell,DELL446460,349.38155229994095
HQ-A-ESX-03-07,host-1199,domain-c1009,vc-26d8de60,48,384,8,14,Connected,PowerEdge R750,Dell,DELL440209,321.8815684320064
HQ-A-ESX-03-08,host-1200,domain-c1009,vc-26d8de60,48,384,8,11,Connected,PowerEdge R750,Dell,DELL126282,264.55033756297996
HQ-A-ESX-03-09,host-1201,domain-c1009,vc-26d8de60,48,384,8,12,Connected,PowerEdge R750,Dell,DELL343874,229.19563603756598
HQ-A-ESX-03-10,host-1202,domain-c1009,vc-26d8de60,48,384,8,13,Connected,PowerEdge R750,Dell,DELL573068,378.8688413547171
HQ-A-ESX-03-11,host-1203,domain-c1009,vc-26d8de60,48,384,8,12,Connected,PowerEdge R750,Dell,DELL873959,169.73444890098477
HQ-A-ESX-03-12,host-1204,domain-c1009,vc-26d8de60,48,384,8,11,Connected,PowerEdge R750,Dell,DELL125388,188.6713921462584
HQ-A-ESX-03-13,host-1205,domain-c1009,vc-26d8de60,48,384,8,15,Connected,PowerEdge R750,Dell,DELL506767,339.2299145133263
HQ-A-ESX-03-14,host-1206,domain-c1009,vc-26d8de60,48,384,8,11,Connected,PowerEdge R750,Dell,DELL251426,144.59731836093997
HQ-A-ESX-03-15,host-1207,domain-c1009,vc-26d8de60,48,384,8,16,Connected,PowerEdge R750,Dell,DELL613377,365.58128743711774
HQ-A-ESX-03-16,host-1208,domain-c1009,vc-26d8de60,48,384,8,10,Connected,PowerEdge R750,Dell,DELL967016,130.8429366512446
HQ-A-ESX-03-17,host-1209,domain-c1009,vc-26d8de60,48,384,8,12,Connected,PowerEdge R750,Dell,DELL600901,290.05239122855915
HQ-A-ESX-03-18,host-1210,domain-c1009,vc-26d8de60,48,384,8,12,Connected,PowerEdge R750,Dell,DELL857571,154.11882201254912
HQ-A-ESX-03-19,host-1211,domain-c1009,vc-26d8de60,48,384,8,16,Connected,PowerEdge R750,Dell,DELL735843,196.61641898855365
HQ-A-ESX-04-01,host-1212,domain-c1010,vc-26d8de60,96,768,8,14,Connected,PowerEdge R840,Dell,DELL117198,261.79158245487247
HQ-A-ESX-04-02,host-1213,domain-c1010,vc-26d8de60,96,768,8,15,Connected,PowerEdge R840,Dell,DELL710924,306.5620379896433
HQ-A-ESX-04-03,host-1214,domain-c1010,vc-26d8de60,96,768,8,14,Connected,PowerEdge R840,Dell,DELL443859,155.90277059531118
HQ-A-ESX-04-04,host-1215,domain-c1010,vc-26d8de60,96,768,8,11,Connected,PowerEdge R840,Dell,DELL209941,388.1173645652574
HQ-A-ESX-04-05,host-1216,domain-c1010,vc-26d8de60,96,768,8,11,Connected,PowerEdge R840,Dell,DELL919247,229.85252423474026
HQ-A-ESX-04-06,host-1217,domain-c1010,vc-26d8de60,96,768,8,9,Connected,PowerEdge R840,Dell,DELL203235,264.69722224156567
HQ-A-ESX-04-07,host-1218,domain-c1010,vc-26d8de60,96,768,8,15,Connected,PowerEdge R840,Dell,DELL154711,104.40974700763836
HQ-A-ESX-04-08,host-1219,domain-c1010,vc-26d8de60,96,768,8,15,Maintenance,PowerEdge R840,Dell,DELL555189,377.65198878263305
HQ-A-ESX-04-09,host-1220,domain-c1010,vc-26d8de60,96,768,8,10,Connected,PowerEdge R840,Dell,DELL901957,168.98914067458117
HQ-A-ESX-04-10,host-1221,domain-c1010,vc-26d8de60,96,768,8,9,Maintenance,PowerEdge R840,Dell,DELL848029,361.4505324868921
HQ-A-ESX-05-01,host-1222,domain-c1011,vc-26d8de60,96,768,8,12,Connected,PowerEdge R840,Dell,DELL841199,126.27502992184483
HQ-A-ESX-05-02,host-1223,domain-c1011,vc-26d8de60,96,768,8,16,Connected,PowerEdge R840,Dell,DELL576129,370.6939843437082
HQ-A-ESX-05-03,host-1224,domain-c1011,vc-26d8de60,96,768,8,10,Connected,PowerEdge R840,Dell,DELL238430,160.15568851968547
HQ-A-ESX-05-04,host-1225,domain-c1011,vc-26d8de60,96,768,8,10,Connected,PowerEdge R840,Dell,DELL244004,253.7897671348157
HQ-A-ESX-05-05,host-1226,domain-c1011,vc-26d8de60,96,768,8,15,Maintenance,PowerEdge R840,Dell,DELL810109,105.93826484181591
HQ-A-ESX-06-01,host-1227,domain-c1012,vc-26d8de60,48,384,8,12,Connected,PowerEdge R750,Dell,DELL741545,311.8299268528558
HQ-A-ESX-06-02,host-1228,domain-c1012,vc-26d8de60,48,384,8,16,Connected,PowerEdge R750,Dell,DELL160574,399.11519173532525
HQ-A-ESX-06-03,host-1229,domain-c1012,vc-26d8de60,48,384,8,13,Connected,PowerEdge R750,Dell,DELL507260,292.8228051975047
HQ-A-ESX-06-04,host-1230,domain-c1012,vc-26d8de60,48,384,8,11,Connected,PowerEdge R750,Dell,DELL958530,390.41070913523544
HQ-A-ESX-06-05,host-1231,domain-c1012,vc-26d8de60,48,384,8,9,Connected,PowerEdge R750,Dell,DELL843731,163.58740193254596
HQ-A-ESX-06-06,host-1232,domain-c1012,vc-26d8de60,48,384,8,12,Connected,PowerEdge R750,Dell,DELL358535,217.21586762872613
HQ-A-ESX-06-07,host-1233,domain-c1012,vc-26d8de60,48,384,8,15,Connected,PowerEdge R750,Dell,DELL902490,341.3279254539846
HQ-A-ESX-06-08,host-1234,domain-c1012,vc-26d8de60,48,384,8,8,Connected,PowerEdge R750,Dell,DELL805580,155.1775831974052
HQ-A-ESX-06-09,host-1235,domain-c1012,vc-26d8de60,48,384,8,12,Connected,PowerEdge R750,Dell,DELL829758,118.43966367453459
HQ-A-ESX-06-10,host-1236,domain-c1012,vc-26d8de60,48,384,8,15,Connected,PowerEdge R750,Dell,DELL921617,334.4744456468523
HQ-A-ESX-06-11,host-1237,domain-c1012,vc-26d8de60,48,384,8,16,Connected,PowerEdge R750,Dell,DELL601543,145.54292101723874
HQ-A-ESX-06-12,host-1238,domain-c1012,vc-26d8de60,48,384,8,12,Connected,PowerEdge R750,Dell,DELL840136,316.6662783149647
HQ-A-ESX-06-13,host-1239,domain-c1012,vc-26d8de60,48,384,8,10,Connected,PowerEdge R750,Dell,DELL270445,258.1683212023419
HQ-A-ESX-06-14,host-1240,domain-c1012,vc-26d8de60,48,384,8,10,Connected,PowerEdge R750,Dell,DELL978679,109.70633158342731
HQ-A-ESX-06-15,host-1241,domain-c1012,vc-26d8de60,48,384,8,13,Maintenance,PowerEdge R750,Dell,DELL471203,212.00162981737657
HQ-A-ESX-06-16,host-1242,domain-c1012,vc-26d8de60,48,384,8,10,Maintenance,PowerEdge R750,Dell,DELL636277,398.9437420302548
HQ-A-ESX-07-01,host-1243,domain-c1013,vc-26d8de60,48,384,8,8,Connected,PowerEdge R750,Dell,DELL286262,172.80655796142088
HQ-A-ESX-07-02,host-1244,domain-c1013,vc-26d8de60,48,384,8,8,Connected,PowerEdge R750,Dell,DELL851925,176.07015768093552
HQ-A-ESX-07-03,host-1245,domain-c1013,vc-26d8de60,48,384,8,10,Connected,PowerEdge R750,Dell,DELL103146,252.23271139672207
HQ-A-ESX-07-04,host-1246,domain-c1013,vc-26d8de60,48,384,8,15,Connected,PowerEdge R750,Dell,DELL852050,312.4875905011021
HQ-A-ESX-07-05,host-1247,domain-c1013,vc-26d8de60,48,384,8,9,Connected,PowerEdge R750,Dell,DELL230280,255.66742769333638
HQ-A-ESX-07-06,host-1248,domain-c1013,vc-26d8de60,48,384,8,9,Connected,PowerEdge R750,Dell,DELL822795,359.8620136461941
HQ-A-ESX-07-07,host-1249,domain-c1013,vc-26d8de60,48,384,8,12,Connected,PowerEdge R750,Dell,DELL733592,393.92488332164015
HQ-A-ESX-07-08,host-1250,domain-c1013,vc-26d8de60,48,384,8,11,Connected,PowerEdge R750,Dell,DELL731613,342.92308852630293
HQ-A-ESX-07-09,host-1251,domain-c1013,vc-26d8de60,48,384,8,9,Connected,PowerEdge R750,Dell,DELL912989,122.09384747433226
HQ-A-ESX-07-10,host-1252,domain-c1013,vc-26d8de60,48,384,8,15,Maintenance,PowerEdge R750,Dell,DELL857337,125.54340699470441
HQ-A-ESX-07-11,host-1253,domain-c1013,vc-26d8de60,48,384,8,9,Connected,PowerEdge R750,Dell,DELL731401,364.5569676018068
HQ-A-ESX-07-12,host-1254,domain-c1013,vc-26d8de60,48,384,8,12,Connected,PowerEdge R750,Dell,DELL880210,347.0990497961929
HQ-A-ESX-07-13,host-1255,domain-c1013,vc-26d8de60,48,384,8,16,Connected,PowerEdge R750,Dell,DELL553437,287.3156126973526
HQ-A-ESX-07-14,host-1256,domain-c1013,vc-26d8de60,48,384,8,12,Connected,PowerEdge R750,Dell,DELL157340,302.05419361188524
HQ-A-ESX-07-15,host-1257,domain-c1013,vc-26d8de60,48,384,8,16,Connected,PowerEdge R750,Dell,DELL274164,157.40104522561728
HQ-A-ESX-07-16,host-1258,domain-c1013,vc-26d8de60,48,384,8,12,Connected,PowerEdge R750,Dell,DELL247948,291.59904018753923
HQ-A-ESX-07-17,host-1259,domain-c1013,vc-26d8de60,48,384,8,12,Maintenance,PowerEdge R750,Dell,DELL962185,311.38787736537927
HQ-A-ESX-07-18,host-1260,domain-c1013,vc-26d8de60,48,384,8,12,Connected,PowerEdge R750,Dell,DELL493457,120.90260742804331
HQ-A-ESX-07-19,host-1261,domain-c1013,vc-26d8de60,48,384,8,13,Connected,PowerEdge R750,Dell,DELL148542,248.88177287885478
HQ-B-ESX-01-01,host-1262,domain-c1014,vc-50a10894,48,384,8,8,Connected,PowerEdge R750,Dell,DELL132919,238.404093785383
HQ-B-ESX-01-02,host-1263,domain-c1014,vc-50a10894,48,384,8,10,Connected,PowerEdge R750,Dell,DELL973789,288.97348432272565
HQ-B-ESX-01-03,host-1264,domain-c1014,vc-50a10894,48,384,8,16,Connected,PowerEdge R750,Dell,DELL219882,356.8966553519617
HQ-B-ESX-01-04,host-1265,domain-c1014,vc-50a10894,48,384,8,9,Connected,PowerEdge R750,Dell,DELL581726,267.5761116250821
HQ-B-ESX-01-05,host-1266,domain-c1014,vc-50a10894,48,384,8,14,Connected,PowerEdge R750,Dell,DELL738892,200.92706736348322
HQ-B-ESX-01-06,host-1267,domain-c1014,vc-50a10894,48,384,8,13,Connected,PowerEdge R750,Dell,DELL427025,260.643671595603
HQ-B-ESX-01-07,host-1268,domain-c1014,vc-50a10894,48,384,8,12,Connected,PowerEdge R750,Dell,DELL399180,308.773335373159
HQ-B-ESX-01-08,host-1269,domain-c1014,vc-50a10894,48,384,8,16,Connected,PowerEdge R750,Dell,DELL494864,101.89370098268334
HQ-B-ESX-01-09,host-1270,domain-c1014,vc-50a10894,48,384,8,11,Connected,PowerEdge R750,Dell,DELL169453,223.60560352197342
HQ-B-ESX-01-10,host-1271,domain-c1014,vc-50a10894,48,384,8,9,Connected,PowerEdge R750,Dell,DELL443475,197.04382832205548
HQ-B-ESX-01-11,host-1272,domain-c1014,vc-50a10894,48,384,8,15,Connected,PowerEdge R750,Dell,DELL587107,281.33272343883255
HQ-B-ESX-01-12,host-1273,domain-c1014,vc-50a10894,48,384,8,10,Connected,PowerEdge R750,Dell,DELL583413,383.70124612731274
HQ-B-ESX-01-13,host-1274,domain-c1014,vc-50a10894,48,384,8,16,Connected,PowerEdge R750,Dell,DELL102829,246.28605005705685
HQ-B-ESX-01-14,host-1275,domain-c1014,vc-50a10894,48,384,8,11,Connected,PowerEdge R750,Dell,DELL742558,120.57337567362386
HQ-B-ESX-01-15,host-1276,domain-c1014,vc-50a10894,48,384,8,15,Connected,PowerEdge R750,Dell,DELL814901,190.38867223996945
HQ-B-ESX-01-16,host-1277,domain-c1014,vc-50a10894,48,384,8,16,Connected,PowerEdge R750,Dell,DELL745459,333.7344272246165
HQ-B-ESX-01-17,host-1278,domain-c1014,vc-50a10894,48,384,8,11,Connected,PowerEdge R750,Dell,DELL704447,308.3704832794248
HQ-B-ESX-01-18,host-1279,domain-c1014,vc-50a10894,48,384,8,10,Connected,PowerEdge R750,Dell,DELL542920,167.51426203149754
HQ-B-ESX-01-19,host-1280,domain-c1014,vc-50a10894,48,384,8,12,Connected,PowerEdge R750,Dell,DELL906083,209.4487664991439
HQ-B-ESX-01-20,host-1281,domain-c1014,vc-50a10894,48,384,8,16,Connected,PowerEdge R750,Dell,DELL817675,213.14308040985134
HQ-B-ESX-01-21,host-1282,domain-c1014,vc-50a10894,48,384,8,11,Maintenance,PowerEdge R750,Dell,DELL802394,135.1076857781668
HQ-B-ESX-02-01,host-1283,domain-c1015,vc-50a10894,96,768,8,15,Connected,PowerEdge R840,Dell,DELL331547,274.8878427002345
HQ-B-ESX-02-02,host-1284,domain-c1015,vc-50a10894,96,768,8,8,Connected,PowerEdge R840,Dell,DELL668497,234.34809134251046
HQ-B-ESX-02-03,host-1285,domain-c1015,vc-50a10894,96,768,8,12,Connected,PowerEdge R840,Dell,DELL914883,153.42831134302153
HQ-B-ESX-02-04,host-1286,domain-c1015,vc-50a10894,96,768,8,12,Connected,PowerEdge R840,Dell,DELL291145,212.06642407613958
HQ-B-ESX-02-05,host-1287,domain-c1015,vc-50a10894,96,768,8,16,Maintenance,PowerEdge R840,Dell,DELL328840,328.58460766638177
HQ-B-ESX-02-06,host-1288,domain-c1015,vc-50a10894,96,768,8,13,Connected,PowerEdge R840,Dell,DELL796566,216.65216445704274
HQ-B-ESX-02-07,host-1289,domain-c1015,vc-50a10894,96,768,8,9,Connected,PowerEdge R840,Dell,DELL985819,209.99128583329679
HQ-B-ESX-02-08,host-1290,domain-c1015,vc-50a10894,96,768,8,12,Connected,PowerEdge R840,Dell,DELL191451,294.5745903493458
HQ-B-ESX-02-09,host-1291,domain-c1015,vc-50a10894,96,768,8,15,Maintenance,PowerEdge R840,Dell,DELL243988,371.3928869795482
HQ-B-ESX-02-10,host-1292,domain-c1015,vc-50a10894,96,768,8,15,Connected,PowerEdge R840,Dell,DELL991714,207.68373231802093
HQ-B-ESX-02-11,host-1293,domain-c1015,vc-50a10894,96,768,8,8,Connected,PowerEdge R840,Dell,DELL220820,387.700971856693
HQ-B-ESX-02-12,host-1294,domain-c1015,vc-50a10894,96,768,8,12,Connected,PowerEdge R840,Dell,DELL712021,228.8092181346677
HQ-B-ESX-02-13,host-1295,domain-c1015,vc-50a10894,96,768,8,8,Connected,PowerEdge R840,Dell,DELL285022,206.7205118238609
HQ-B-ESX-02-14,host-1296,domain-c1015,vc-50a10894,96,768,8,15,Connected,PowerEdge R840,Dell,DELL533831,133.89872772575734
HQ-B-ESX-02-15,host-1297,domain-c1015,vc-50a10894,96,768,8,13,Connected,PowerEdge R840,Dell,DELL540095,339.0312726390584
HQ-B-ESX-02-16,host-1298,domain-c1015,vc-50a10894,96,768,8,14,Connected,PowerEdge R840,Dell,DELL529124,155.58362834042805
HQ-B-ESX-02-17,host-1299,domain-c1015,vc-50a10894,96,768,8,12,Maintenance,PowerEdge R840,Dell,DELL747258,132.12082764899347
HQ-B-ESX-02-18,host-1300,domain-c1015,vc-50a10894,96,768,8,15,Connected,PowerEdge R840,Dell,DELL779903,246.58191993737822
HQ-B-ESX-02-19,host-1301,domain-c1015,vc-50a10894,96,768,8,9,Connected,PowerEdge R840,Dell,DELL952301,267.4912397995877
HQ-B-ESX-02-20,host-1302,domain-c1015,vc-50a10894,96,768,8,11,Connected,PowerEdge R840,Dell,DELL536244,356.0059070153611
HQ-B-ESX-02-21,host-1303,domain-c1015,vc-50a10894,96,768,8,14,Connected,PowerEdge R840,Dell,DELL584566,288.03993493226835
HQ-B-ESX-03-01,host-1304,domain-c1016,vc-50a10894,48,384,8,12,Connected,PowerEdge R750,Dell,DELL868342,209.6356706517335
HQ-B-ESX-03-02,host-1305,domain-c1016,vc-50a10894,48,384,8,16,Connected,PowerEdge R750,Dell,DELL938072,166.23669174209044
HQ-B-ESX-03-03,host-1306,domain-c1016,vc-50a10894,48,384,8,12,Connected,PowerEdge R750,Dell,DELL469425,364.2162399350661
HQ-B-ESX-03-04,host-1307,domain-c1016,vc-50a10894,48,384,8,8,Connected,PowerEdge R750,Dell,DELL696380,221.01437709130852
HQ-B-ESX-03-05,host-1308,domain-c1016,vc-50a10894,48,384,8,13,Connected,PowerEdge R750,Dell,DELL349085,311.2385779972559
HQ-B-ESX-03-06,host-1309,domain-c1016,vc-50a10894,48,384,8,12,Connected,PowerEdge R750,Dell,DELL174522,341.6447460820789
HQ-B-ESX-03-07,host-1310,domain-c1016,vc-50a10894,48,384,8,8,Connected,PowerEdge R750,Dell,DELL515782,263.59165668853734
HQ-B-ESX-03-08,host-1311,domain-c1016,vc-50a10894,48,384,8,16,Connected,PowerEdge R750,Dell,DELL572971,336.3142757354485
HQ-B-ESX-03-09,host-1312,domain-c1016,vc-50a10894,48,384,8,16,Connected,PowerEdge R750,Dell,DELL494916,243.9675213529602
HQ-B-ESX-03-10,host-1313,domain-c1016,vc-50a10894,48,384,8,13,Connected,PowerEdge R750,Dell,DELL483971,392.723546246428
HQ-B-ESX-03-11,host-1314,domain-c1016,vc-50a10894,48,384,8,12,Connected,PowerEdge R750,Dell,DELL985888,146.67676156009574
HQ-B-ESX-03-12,host-1315,domain-c1016,vc-50a10894,48,384,8,8,Connected,PowerEdge R750,Dell,DELL638202,199.9775329465864
HQ-B-ESX-03-13,host-1316,domain-c1016,vc-50a10894,48,384,8,11,Connected,PowerEdge R750,Dell,DELL873547,173.32691398573175
HQ-B-ESX-03-14,host-1317,domain-c1016,vc-50a10894,48,384,8,16,Connected,PowerEdge R750,Dell,DELL674837,183.6241688820851
HQ-B-ESX-03-15,host-1318,domain-c1016,vc-50a10894,48,384,8,11,Connected,PowerEdge R750,Dell,DELL830894,283.0245276009707
HQ-B-ESX-03-16,host-1319,domain-c1016,vc-50a10894,48,384,8,12,Connected,PowerEdge R750,Dell,DELL771379,353.49465486172943
HQ-B-ESX-03-17,host-1320,domain-c1016,vc-50a10894,48,384,8,13,Connected,PowerEdge R750,Dell,DELL421751,383.51794436330766
HQ-B-ESX-03-18,host-1321,domain-c1016,vc-50a10894,48,384,8,11,Connected,PowerEdge R750,Dell,DELL202824,329.0584229180603
HQ-B-ESX-03-19,host-1322,domain-c1016,vc-50a10894,48,384,8,16,Connected,PowerEdge R750,Dell,DELL202746,143.75111891358677
HQ-B-ESX-03-20,host-1323,domain-c1016,vc-50a10894,48,384,8,13,Connected,PowerEdge R750,Dell,DELL804175,395.6368638233657
HQ-B-ESX-03-21,host-1324,domain-c1016,vc-50a10894,48,384,8,15,Connected,PowerEdge R750,Dell,DELL933830,159.79467162906815
HQ-B-ESX-03-22,host-1325,domain-c1016,vc-50a10894,48,384,8,13,Connected,PowerEdge R750,Dell,DELL376236,234.05794359026277
HQ-B-ESX-04-01,host-1326,domain-c1017,vc-50a10894,96,768,8,10,Connected,PowerEdge R840,Dell,DELL244209,284.60442979271653
HQ-B-ESX-04-02,host-1327,domain-c1017,vc-50a10894,96,768,8,10,Maintenance,PowerEdge R840,Dell,DELL868237,248.19627503904505
HQ-B-ESX-04-03,host-1328,domain-c1017,vc-50a10894,96,768,8,8,Connected,PowerEdge R840,Dell,DELL603230,112.79860321390544
HQ-B-ESX-04-04,host-1329,domain-c1017,vc-50a10894,96,768,8,13,Connected,PowerEdge R840,Dell,DELL891906,286.2524519459912
HQ-B-ESX-04-05,host-1330,domain-c1017,vc-50a10894,96,768,8,11,Connected,PowerEdge R840,Dell,DELL851647,323.57504693739656
HQ-B-ESX-04-06,host-1331,domain-c1017,vc-50a10894,96,768,8,14,Connected,PowerEdge R840,Dell,DELL873435,354.9718148732947
HQ-B-ESX-04-07,host-1332,domain-c1017,vc-50a10894,96,768,8,13,Connected,PowerEdge R840,Dell,DELL221331,258.8644984221861
HQ-B-ESX-04-08,host-1333,domain-c1017,vc-50a10894,96,768,8,16,Connected,PowerEdge R840,Dell,DELL946913,105.26735229812188
HQ-B-ESX-04-09,host-1334,domain-c1017,vc-50a10894,96,768,8,11,Connected,PowerEdge R840,Dell,DELL149813,104.93454203473522
HQ-B-ESX-04-10,host-1335,domain-c1017,vc-50a10894,96,768,8,15,Connected,PowerEdge R840,Dell,DELL307877,344.38860673146075
HQ-B-ESX-04-11,host-1336,domain-c1017,vc-50a10894,96,768,8,13,Connected,PowerEdge R840,Dell,DELL478218,200.1823222822598
HQ-B-ESX-04-12,host-1337,domain-c1017,vc-50a10894,96,768,8,10,Connected,PowerEdge R840,Dell,DELL680815,383.070999995954
HQ-B-ESX-04-13,host-1338,domain-c1017,vc-50a10894,96,768,8,10,Connected,PowerEdge R840,Dell,DELL871945,324.76492037822175
HQ-B-ESX-04-14,host-1339,domain-c1017,vc-50a10894,96,768,8,15,Connected,PowerEdge R840,Dell,DELL440949,370.6385707835978
HQ-B-ESX-04-15,host-1340,domain-c1017,vc-50a10894,96,768,8,13,Maintenance,PowerEdge R840,Dell,DELL258182,216.14705589186778
HQ-B-ESX-04-16,host-1341,domain-c1017,vc-50a10894,96,768,8,16,Connected,PowerEdge R840,Dell,DELL552394,195.69308903056822
HQ-B-ESX-04-17,host-1342,domain-c1017,vc-50a10894,96,768,8,13,Connected,PowerEdge R840,Dell,DELL881006,178.4860082473244
HQ-B-ESX-04-18,host-1343,domain-c1017,vc-50a10894,96,768,8,10,Connected,PowerEdge R840,Dell,DELL672370,258.1084190090379
HQ-B-ESX-04-19,host-1344,domain-c1017,vc-50a10894,96,768,8,8,Connected,PowerEdge R840,Dell,DELL723503,193.3253071632697
HQ-B-ESX-04-20,host-1345,domain-c1017,vc-50a10894,96,768,8,16,Connected,PowerEdge R840,Dell,DELL581002,125.25235567258545
HQ-B-ESX-04-21,host-1346,domain-c1017,vc-50a10894,96,768,8,9,Connected,PowerEdge R840,Dell,DELL994570,265.4564235598923
HQ-B-ESX-04-22,host-1347,domain-c1017,vc-50a10894,96,768,8,14,Connected,PowerEdge R840,Dell,DELL322895,114.92546632102248
HQ-B-ESX-04-23,host-1348,domain-c1017,vc-50a10894,96,768,8,10,Connected,PowerEdge R840,Dell,DELL347179,102.5206659234948
HQ-B-ESX-04-24,host-1349,domain-c1017,vc-50a10894,96,768,8,8,Connected,PowerEdge R840,Dell,DELL926564,153.1290981653716
HQ-B-ESX-04-25,host-1350,domain-c1017,vc-50a10894,96,768,8,9,Connected,PowerEdge R840,Dell,DELL563932,214.4888211354483
HQ-B-ESX-04-26,host-1351,domain-c1017,vc-50a10894,96,768,8,9,Connected,PowerEdge R840,Dell,DELL578280,233.27709664617163
HQ-B-ESX-05-01,host-1352,domain-c1018,vc-50a10894,96,768,8,9,Connected,PowerEdge R840,Dell,DELL599239,320.38178878408064
HQ-B-ESX-05-02,host-1353,domain-c1018,vc-50a10894,96,768,8,11,Connected,PowerEdge R840,Dell,DELL904394,361.4890517543993
HQ-B-ESX-05-03,host-1354,domain-c1018,vc-50a10894,96,768,8,15,Connected,PowerEdge R840,Dell,DELL961911,186.31940442595533
HQ-B-ESX-05-04,host-1355,domain-c1018,vc-50a10894,96,768,8,14,Connected,PowerEdge R840,Dell,DELL834136,211.2745532638258
HQ-B-ESX-05-05,host-1356,domain-c1018,vc-50a10894,96,768,8,8,Connected,PowerEdge R840,Dell,DELL393782,211.65601193957713
HQ-B-ESX-05-06,host-1357,domain-c1018,vc-50a10894,96,768,8,8,Connected,PowerEdge R840,Dell,DELL379972,244.43252550935443
HQ-B-ESX-05-07,host-1358,domain-c1018,vc-50a10894,96,768,8,11,Connected,PowerEdge R840,Dell,DELL730745,266.16144863469606
HQ-B-ESX-06-01,host-1359,domain-c1019,vc-50a10894,96,768,8,12,Connected,PowerEdge R840,Dell,DELL584320,306.13140334063723
HQ-B-ESX-06-02,host-1360,domain-c1019,vc-50a10894,96,768,8,16,Connected,PowerEdge R840,Dell,DELL710660,339.27095751554816
HQ-B-ESX-06-03,host-1361,domain-c1019,vc-50a10894,96,768,8,12,Connected,PowerEdge R840,Dell,DELL303968,328.63846359781894
HQ-B-ESX-06-04,host-1362,domain-c1019,vc-50a10894,96,768,8,13,Connected,PowerEdge R840,Dell,DELL732252,242.83033373102597
HQ-B-ESX-06-05,host-1363,domain-c1019,vc-50a10894,96,768,8,15,Connected,PowerEdge R840,Dell,DELL372823,372.8511990853749
HQ-B-ESX-06-06,host-1364,domain-c1019,vc-50a10894,96,768,8,15,Connected,PowerEdge R840,Dell,DELL534872,206.41101867227624
HQ-B-ESX-06-07,host-1365,domain-c1019,vc-50a10894,96,768,8,14,Connected,PowerEdge R840,Dell,DELL943618,186.0088537907932
HQ-B-ESX-06-08,host-1366,domain-c1019,vc-50a10894,96,768,8,12,Connected,PowerEdge R840,Dell,DELL503076,347.558907661797
HQ-B-ESX-06-09,host-1367,domain-c1019,vc-50a10894,96,768,8,11,Connected,PowerEdge R840,Dell,DELL342221,324.9765019154552
HQ-B-ESX-06-10,host-1368,domain-c1019,vc-50a10894,96,768,8,14,Connected,PowerEdge R840,Dell,DELL413535,340.0902959769412
HQ-B-ESX-06-11,host-1369,domain-c1019,vc-50a10894,96,768,8,16,Connected,PowerEdge R840,Dell,DELL471141,268.0547190517344
HQ-B-ESX-06-12,host-1370,domain-c1019,vc-50a10894,96,768,8,12,Connected,PowerEdge R840,Dell,DELL977157,236.7107044227009
HQ-B-ESX-06-13,host-1371,domain-c1019,vc-50a10894,96,768,8,11,Connected,PowerEdge R840,Dell,DELL356443,244.15016443970492
HQ-B-ESX-06-14,host-1372,domain-c1019,vc-50a10894,96,768,8,15,Connected,PowerEdge R840,Dell,DELL243543,399.917746448755
HQ-B-ESX-06-15,host-1373,domain-c1019,vc-50a10894,96,768,8,15,Connected,PowerEdge R840,Dell,DELL343661,346.7936802425911
HQ-B-ESX-06-16,host-1374,domain-c1019,vc-50a10894,96,768,8,13,Connected,PowerEdge R840,Dell,DELL273905,152.88784777923163
HQ-B-ESX-06-17,host-1375,domain-c1019,vc-50a10894,96,768,8,11,Connected,PowerEdge R840,Dell,DELL120454,364.16694564910426
HQ-B-ESX-06-18,host-1376,domain-c1019,vc-50a10894,96,768,8,14,Connected,PowerEdge R840,Dell,DELL332498,263.13387600738383
HQ-B-ESX-06-19,host-1377,domain-c1019,vc-50a10894,96,768,8,11,Connected,PowerEdge R840,Dell,DELL252755,130.9967940609908
HQ-B-ESX-06-20,host-1378,domain-c1019,vc-50a10894,96,768,8,14,Connected,PowerEdge R840,Dell,DELL969080,389.4548621274953
HQ-B-ESX-06-21,host-1379,domain-c1019,vc-50a10894,96,768,8,12,Connected,PowerEdge R840,Dell,DELL495227,288.3177984488488
HQ-B-ESX-06-22,host-1380,domain-c1019,vc-50a10894,96,768,8,11,Connected,PowerEdge R840,Dell,DELL267783,240.1018410758409
HQ-B-ESX-06-23,host-1381,domain-c1019,vc-50a10894,96,768,8,14,Connected,PowerEdge R840,Dell,DELL247227,281.0053803310866
HQ-B-ESX-06-24,host-1382,domain-c1019,vc-50a10894,96,768,8,13,Connected,PowerEdge R840,Dell,DELL516155,366.42022727575284
HQ-B-ESX-07-01,host-1383,domain-c1020,vc-50a10894,96,768,8,9,Connected,PowerEdge R840,Dell,DELL877766,308.2964571380213
HQ-B-ESX-07-02,host-1384,domain-c1020,vc-50a10894,96,768,8,10,Connected,PowerEdge R840,Dell,DELL997502,276.3412651988227
HQ-B-ESX-07-03,host-1385,domain-c1020,vc-50a10894,96,768,8,13,Connected,PowerEdge R840,Dell,DELL272581,265.6977975208517
HQ-B-ESX-07-04,host-1386,domain-c1020,vc-50a10894,96,768,8,12,Connected,PowerEdge R840,Dell,DELL995521,273.8132160557896
HQ-B-ESX-07-05,host-1387,domain-c1020,vc-50a10894,96,768,8,14,Maintenance,PowerEdge R840,Dell,DELL104012,105.67142825624421
HQ-B-ESX-07-06,host-1388,domain-c1020,vc-50a10894,96,768,8,9,Connected,PowerEdge R840,Dell,DELL397471,313.40382709148
HQ-B-ESX-07-07,host-1389,domain-c1020,vc-50a10894,96,768,8,9,Connected,PowerEdge R840,Dell,DELL567108,116.09069466234047
HQ-B-ESX-07-08,host-1390,domain-c1020,vc-50a10894,96,768,8,14,Connected,PowerEdge R840,Dell,DELL123930,302.9636611201708
HQ-B-ESX-07-09,host-1391,domain-c1020,vc-50a10894,96,768,8,11,Connected,PowerEdge R840,Dell,DELL932385,288.9310550342726
HQ-B-ESX-07-10,host-1392,domain-c1020,vc-50a10894,96,768,8,11,Connected,PowerEdge R840,Dell,DELL595705,268.30818670859406
HQ-B-ESX-07-11,host-1393,domain-c1020,vc-50a10894,96,768,8,15,Connected,PowerEdge R840,Dell,DELL151329,189.11789030252197
HQ-B-ESX-07-12,host-1394,domain-c1020,vc-50a10894,96,768,8,12,Connected,PowerEdge R840,Dell,DELL269326,230.8969310714811
HQ-B-ESX-07-13,host-1395,domain-c1020,vc-50a10894,96,768,8,15,Connected,PowerEdge R840,Dell,DELL466226,177.91445778137998
HQ-B-ESX-07-14,host-1396,domain-c1020,vc-50a10894,96,768,8,16,Connected,PowerEdge R840,Dell,DELL235915,312.60350876905363
HQ-B-ESX-07-15,host-1397,domain-c1020,vc-50a10894,96,768,8,14,Connected,PowerEdge R840,Dell,DELL590779,238.14947982840457
HQ-B-ESX-01-01,host-1398,domain-c1021,vc-50a10894,48,384,8,8,Connected,PowerEdge R750,Dell,DELL211709,108.46448186926042
HQ-B-ESX-01-02,host-1399,domain-c1021,vc-50a10894,48,384,8,14,Connected,PowerEdge R750,Dell,DELL925288,177.4598084168112
HQ-B-ESX-01-03,host-1400,domain-c1021,vc-50a10894,48,384,8,10,Connected,PowerEdge R750,Dell,DELL956647,346.92555379383134
HQ-B-ESX-01-04,host-1401,domain-c1021,vc-50a10894,48,384,8,11,Connected,PowerEdge R750,Dell,DELL214500,276.77030478379874
HQ-B-ESX-01-05,host-1402,domain-c1021,vc-50a10894,48,384,8,14,Connected,PowerEdge R750,Dell,DELL578893,128.64163172959468
HQ-B-ESX-01-06,host-1403,domain-c1021,vc-50a10894,48,384,8,14,Connected,PowerEdge R750,Dell,DELL736555,312.51355855471064
HQ-B-ESX-01-07,host-1404,domain-c1021,vc-50a10894,48,384,8,15,Connected,PowerEdge R750,Dell,DELL627823,284.328864654691
HQ-B-ESX-01-08,host-1405,domain-c1021,vc-50a10894,48,384,8,16,Connected,PowerEdge R750,Dell,DELL642756,195.37685093698494
HQ-B-ESX-01-09,host-1406,domain-c1021,vc-50a10894,48,384,8,13,Connected,PowerEdge R750,Dell,DELL249061,325.06319482296647
HQ-B-ESX-01-10,host-1407,domain-c1021,vc-50a10894,48,384,8,10,Connected,PowerEdge R750,Dell,DELL894318,195.7176969058438
HQ-B-ESX-01-11,host-1408,domain-c1021,vc-50a10894,48,384,8,9,Connected,PowerEdge R750,Dell,DELL949918,153.04121495526815
HQ-B-ESX-01-12,host-1409,domain-c1021,vc-50a10894,48,384,8,10,Connected,PowerEdge R750,Dell,DELL867065,182.0864747893608
HQ-B-ESX-01-13,host-1410,domain-c1021,vc-50a10894,48,384,8,11,Connected,PowerEdge R750,Dell,DELL305892,307.8685166263379
HQ-B-ESX-01-14,host-1411,domain-c1021,vc-50a10894,48,384,8,14,Connected,PowerEdge R750,Dell,DELL862164,282.6828353366569
HQ-B-ESX-01-15,host-1412,domain-c1021,vc-50a10894,48,384,8,9,Connected,PowerEdge R750,Dell,DELL312607,194.09303736215335
HQ-B-ESX-01-16,host-1413,domain-c1021,vc-50a10894,48,384,8,12,Connected,PowerEdge R750,Dell,DELL178963,256.47849338342496
HQ-B-ESX-01-17,host-1414,domain-c1021,vc-50a10894,48,384,8,16,Connected,PowerEdge R750,Dell,DELL105886,110.25668624329494
HQ-B-ESX-01-18,host-1415,domain-c1021,vc-50a10894,48,384,8,14,Connected,PowerEdge R750,Dell,DELL910316,358.4259970868478
HQ-B-ESX-01-19,host-1416,domain-c1021,vc-50a10894,48,384,8,11,Connected,PowerEdge R750,Dell,DELL354225,157.49891480235004
HQ-B-ESX-01-20,host-1417,domain-c1021,vc-50a10894,48,384,8,10,Connected,PowerEdge R750,Dell,DELL647415,383.9574260158182
HQ-B-ESX-01-21,host-1418,domain-c1021,vc-50a10894,48,384,8,16,Connected,PowerEdge R750,Dell,DELL542646,159.96885003678668
HQ-B-ESX-01-22,host-1419,domain-c1021,vc-50a10894,48,384,8,15,Connected,PowerEdge R750,Dell,DELL159881,144.78467454530934
HQ-B-ESX-02-01,host-1420,domain-c1022,vc-50a10894,48,384,8,8,Connected,PowerEdge R750,Dell,DELL356745,276.28689390877105
HQ-B-ESX-02-02,host-1421,domain-c1022,vc-50a10894,48,384,8,8,Connected,PowerEdge R750,Dell,DELL311010,179.65643662915568
HQ-B-ESX-02-03,host-1422,domain-c1022,vc-50a10894,48,384,8,16,Connected,PowerEdge R750,Dell,DELL154811,110.16447441765983
HQ-B-ESX-02-04,host-1423,domain-c1022,vc-50a10894,48,384,8,9,Connected,PowerEdge R750,Dell,DELL173754,275.86415373000216
HQ-B-ESX-02-05,host-1424,domain-c1022,vc-50a10894,48,384,8,12,Connected,PowerEdge R750,Dell,DELL865192,318.9542354625088
HQ-B-ESX-02-06,host-1425,domain-c1022,vc-50a10894,48,384,8,12,Connected,PowerEdge R750,Dell,DELL251530,328.7809656305176
HQ-B-ESX-02-07,host-1426,domain-c1022,vc-50a10894,48,384,8,10,Connected,PowerEdge R750,Dell,DELL598730,172.39018403346546
HQ-B-ESX-02-08,host-1427,domain-c1022,vc-50a10894,48,384,8,12,Connected,PowerEdge R750,Dell,DELL103159,269.21716620326526
HQ-B-ESX-02-09,host-1428,domain-c1022,vc-50a10894,48,384,8,15,Connected,PowerEdge R750,Dell,DELL473906,202.02248630295784
HQ-B-ESX-02-10,host-1429,domain-c1022,vc-50a10894,48,384,8,16,Maintenance,PowerEdge R750,Dell,DELL109281,328.0116418539916
HQ-B-ESX-02-11,host-1430,domain-c1022,vc-50a10894,48,384,8,11,Connected,PowerEdge R750,Dell,DELL303874,341.70836367498987
HQ-B-ESX-02-12,host-1431,domain-c1022,vc-50a10894,48,384,8,11,Connected,PowerEdge R750,Dell,DELL597422,391.8578755725969
HQ-B-ESX-02-13,host-1432,domain-c1022,vc-50a10894,48,384,8,13,Connected,PowerEdge R750,Dell,DELL621154,178.4289926291155
HQ-B-ESX-02-14,host-1433,domain-c1022,vc-50a10894,48,384,8,8,Connected,PowerEdge R750,Dell,DELL883177,328.1000292495579
HQ-B-ESX-02-15,host-1434,domain-c1022,vc-50a10894,48,384,8,11,Connected,PowerEdge R750,Dell,DELL419506,378.9690171410501
HQ-B-ESX-02-16,host-1435,domain-c1022,vc-50a10894,48,384,8,16,Connected,PowerEdge R750,Dell,DELL591924,377.45051137794
HQ-B-ESX-02-17,host-1436,domain-c1022,vc-50a10894,48,384,8,15,Connected,PowerEdge R750,Dell,DELL356029,131.38310997680804
HQ-B-ESX-02-18,host-1437,domain-c1022,vc-50a10894,48,384,8,10,Connected,PowerEdge R750,Dell,DELL574299,265.8483489622768
HQ-B-ESX-02-19,host-1438,domain-c1022,vc-50a10894,48,384,8,12,Connected,PowerEdge R750,Dell,DELL328211,169.79849302558614
HQ-B-ESX-02-20,host-1439,domain-c1022,vc-50a10894,48,384,8,13,Connected,PowerEdge R750,Dell,DELL313515,225.67066983689827
HQ-B-ESX-02-21,host-1440,domain-c1022,vc-50a10894,48,384,8,11,Maintenance,PowerEdge R750,Dell,DELL252873,327.92786097113304
HQ-B-ESX-02-22,host-1441,domain-c1022,vc-50a10894,48,384,8,12,Connected,PowerEdge R750,Dell,DELL801870,236.9935805241204
HQ-B-ESX-02-23,host-1442,domain-c1022,vc-50a10894,48,384,8,8,Connected,PowerEdge R750,Dell,DELL378251,196.6555565155315
HQ-B-ESX-03-01,host-1443,domain-c1023,vc-50a10894,48,384,8,13,Connected,PowerEdge R750,Dell,DELL981481,205.49581814001573
HQ-B-ESX-03-02,host-1444,domain-c1023,vc-50a10894,48,384,8,8,Connected,PowerEdge R750,Dell,DELL410044,159.0193115257001
HQ-B-ESX-03-03,host-1445,domain-c1023,vc-50a10894,48,384,8,11,Connected,PowerEdge R750,Dell,DELL166712,276.5920848803825
HQ-B-ESX-03-04,host-1446,domain-c1023,vc-50a10894,48,384,8,9,Connected,PowerEdge R750,Dell,DELL231339,263.6056181981072
HQ-B-ESX-03-05,host-1447,domain-c1023,vc-50a10894,48,384,8,13,Connected,PowerEdge R750,Dell,DELL282363,219.62435150043393
HQ-B-ESX-03-06,host-1448,domain-c1023,vc-50a10894,48,384,8,13,Connected,PowerEdge R750,Dell,DELL498939,229.9673079863852
HQ-B-ESX-03-07,host-1449,domain-c1023,vc-50a10894,48,384,8,14,Connected,PowerEdge R750,Dell,DELL676045,335.29933606971974
HQ-B-ESX-03-08,host-1450,domain-c1023,vc-50a10894,48,384,8,16,Connected,PowerEdge R750,Dell,DELL331159,188.5147805847269
HQ-B-ESX-04-01,host-1451,domain-c1024,vc-50a10894,48,384,8,12,Connected,PowerEdge R750,Dell,DELL819857,248.8920999361831
HQ-B-ESX-04-02,host-1452,domain-c1024,vc-50a10894,48,384,8,15,Maintenance,PowerEdge R750,Dell,DELL519757,211.36175933737843
HQ-B-ESX-04-03,host-1453,domain-c1024,vc-50a10894,48,384,8,11,Connected,PowerEdge R750,Dell,DELL559740,177.36152312086963
HQ-B-ESX-04-04,host-1454,domain-c1024,vc-50a10894,48,384,8,9,Connected,PowerEdge R750,Dell,DELL304970,175.98704622245197
HQ-B-ESX-04-05,host-1455,domain-c1024,vc-50a10894,48,384,8,8,Connected,PowerEdge R750,Dell,DELL309096,284.2480907823807
HQ-B-ESX-04-06,host-1456,domain-c1024,vc-50a10894,48,384,8,11,Connected,PowerEdge R750,Dell,DELL807046,333.90600504208936
HQ-B-ESX-04-07,host-1457,domain-c1024,vc-50a10894,48,384,8,13,Connected,PowerEdge R750,Dell,DELL240197,238.28028745276737
HQ-B-ESX-04-08,host-1458,domain-c1024,vc-50a10894,48,384,8,8,Connected,PowerEdge R750,Dell,DELL833169,369.09047562742126
HQ-B-ESX-04-09,host-1459,domain-c1024,vc-50a10894,48,384,8,11,Connected,PowerEdge R750,Dell,DELL555302,143.07418503773337
HQ-B-ESX-04-10,host-1460,domain-c1024,vc-50a10894,48,384,8,15,Connected,PowerEdge R750,Dell,DELL676404,333.8610886036902
HQ-B-ESX-04-11,host-1461,domain-c1024,vc-50a10894,48,384,8,10,Connected,PowerEdge R750,Dell,DELL654313,274.6025447947046
HQ-B-ESX-04-12,host-1462,domain-c1024,vc-50a10894,48,384,8,8,Connected,PowerEdge R750,Dell,DELL248334,359.7875089739808
HQ-B-ESX-04-13,host-1463,domain-c1024,vc-50a10894,48,384,8,13,Connected,PowerEdge R750,Dell,DELL615348,113.30878596216168
HQ-B-ESX-04-14,host-1464,domain-c1024,vc-50a10894,48,384,8,11,Connected,PowerEdge R750,Dell,DELL761220,387.38246087806687
HQ-B-ESX-04-15,host-1465,domain-c1024,vc-50a10894,48,384,8,10,Connected,PowerEdge R750,Dell,DELL925985,190.71826700200856
HQ-B-ESX-04-16,host-1466,domain-c1024,vc-50a10894,48,384,8,9,Connected,PowerEdge R750,Dell,DELL359297,261.5599550747522
HQ-B-ESX-04-17,host-1467,domain-c1024,vc-50a10894,48,384,8,8,Connected,PowerEdge R750,Dell,DELL631462,356.76580995966685
HQ-B-ESX-04-18,host-1468,domain-c1024,vc-50a10894,48,384,8,11,Connected,PowerEdge R750,Dell,DELL193316,149.50065516189196
HQ-B-ESX-04-19,host-1469,domain-c1024,vc-50a10894,48,384,8,13,Connected,PowerEdge R750,Dell,DELL576503,338.0822503902684
HQ-B-ESX-04-20,host-1470,domain-c1024,vc-50a10894,48,384,8,15,Connected,PowerEdge R750,Dell,DELL600392,165.88255705798917
HQ-B-ESX-04-21,host-1471,domain-c1024,vc-50a10894,48,384,8,9,Connected,PowerEdge R750,Dell,DELL204285,232.87144914998223
HQ-B-ESX-04-22,host-1472,domain-c1024,vc-50a10894,48,384,8,8,Connected,PowerEdge R750,Dell,DELL942326,298.7020793487005
HQ-B-ESX-04-23,host-1473,domain-c1024,vc-50a10894,48,384,8,15,Connected,PowerEdge R750,Dell,DELL901190,252.0406072528749
HQ-B-ESX-04-24,host-1474,domain-c1024,vc-50a10894,48,384,8,16,Connected,PowerEdge R750,Dell,DELL325466,109.71415563381099
HQ-B-ESX-04-25,host-1475,domain-c1024,vc-50a10894,48,384,8,11,Connected,PowerEdge R750,Dell,DELL821882,197.28523123761448
HQ-B-ESX-04-26,host-1476,domain-c1024,vc-50a10894,48,384,8,8,Connected,PowerEdge R750,Dell,DELL336183,203.73820361342206
HQ-B-ESX-04-27,host-1477,domain-c1024,vc-50a10894,48,384,8,13,Connected,PowerEdge R750,Dell,DELL747270,177.23080859821772
HQ-B-ESX-04-28,host-1478,domain-c1024,vc-50a10894,48,384,8,13,Connected,PowerEdge R750,Dell,DELL521787,257.43946048339876
HQ-B-ESX-04-29,host-1479,domain-c1024,vc-50a10894,48,384,8,9,Connected,PowerEdge R750,Dell,DELL817487,210.17337165367223
HQ-B-ESX-04-30,host-1480,domain-c1024,vc-50a10894,48,384,8,14,Connected,PowerEdge R750,Dell,DELL104952,276.1112296486689
HQ-B-ESX-05-01,host-1481,domain-c1025,vc-50a10894,48,384,8,14,Connected,PowerEdge R750,Dell,DELL355557,210.78654970098648
HQ-B-ESX-05-02,host-1482,domain-c1025,vc-50a10894,48,384,8,14,Connected,PowerEdge R750,Dell,DELL520022,156.20883075536912
HQ-B-ESX-05-03,host-1483,domain-c1025,vc-50a10894,48,384,8,15,Connected,PowerEdge R750,Dell,DELL847413,192.32308213170225
HQ-B-ESX-05-04,host-1484,domain-c1025,vc-50a10894,48,384,8,10,Connected,PowerEdge R750,Dell,DELL683998,244.05873289803387
HQ-B-ESX-05-05,host-1485,domain-c1025,vc-50a10894,48,384,8,16,Connected,PowerEdge R750,Dell,DELL724103,195.55779227145982
HQ-B-ESX-05-06,host-1486,domain-c1025,vc-50a10894,48,384,8,11,Connected,PowerEdge R750,Dell,DELL124840,356.23960505797606
HQ-B-ESX-05-07,host-1487,domain-c1025,vc-50a10894,48,384,8,11,Connected,PowerEdge R750,Dell,DELL569110,172.32933241249424
HQ-B-ESX-05-08,host-1488,domain-c1025,vc-50a10894,48,384,8,16,Connected,PowerEdge R750,Dell,DELL796645,381.5726926715618
HQ-B-ESX-05-09,host-1489,domain-c1025,vc-50a10894,48,384,8,16,Connected,PowerEdge R750,Dell,DELL787486,155.99126993621536
HQ-B-ESX-05-10,host-1490,domain-c1025,vc-50a10894,48,384,8,11,Connected,PowerEdge R750,Dell,DELL290692,357.3783528756038
HQ-B-ESX-05-11,host-1491,domain-c1025,vc-50a10894,48,384,8,15,Connected,PowerEdge R750,Dell,DELL977976,148.17851860173695
HQ-B-ESX-05-12,host-1492,domain-c1025,vc-50a10894,48,384,8,10,Connected,PowerEdge R750,Dell,DELL635919,250.3932631283731
HQ-B-ESX-05-13,host-1493,domain-c1025,vc-50a10894,48,384,8,14,Connected,PowerEdge R750,Dell,DELL521005,145.0704784632886
HQ-B-ESX-05-14,host-1494,domain-c1025,vc-50a10894,48,384,8,12,Connected,PowerEdge R750,Dell,DELL487399,361.90180679433223
HQ-B-ESX-05-15,host-1495,domain-c1025,vc-50a10894,48,384,8,13,Connected,PowerEdge R750,Dell,DELL697772,155.26895670546762
HQ-B-ESX-05-16,host-1496,domain-c1025,vc-50a10894,48,384,8,15,Connected,PowerEdge R750,Dell,DELL682845,393.71138920117346
HQ-B-ESX-05-17,host-1497,domain-c1025,vc-50a10894,48,384,8,9,Connected,PowerEdge R750,Dell,DELL656370,122.04413594319743
HQ-B-ESX-05-18,host-1498,domain-c1025,vc-50a10894,48,384,8,14,Connected,PowerEdge R750,Dell,DELL796882,322.12144970363323
HQ-B-ESX-05-19,host-1499,domain-c1025,vc-50a10894,48,384,8,14,Connected,PowerEdge R750,Dell,DELL284221,226.0418805078299
HQ-B-ESX-05-20,host-1500,domain-c1025,vc-50a10894,48,384,8,10,Connected,PowerEdge R750,Dell,DELL123083,170.88172958064018
HQ-B-ESX-05-21,host-1501,domain-c1025,vc-50a10894,48,384,8,15,Connected,PowerEdge R750,Dell,DELL654706,268.7898264399972
HQ-B-ESX-06-01,host-1502,domain-c1026,vc-50a10894,48,384,8,9,Connected,PowerEdge R750,Dell,DELL629079,309.3711792231843
HQ-B-ESX-06-02,host-1503,domain-c1026,vc-50a10894,48,384,8,11,Connected,PowerEdge R750,Dell,DELL644927,218.49006540111583
HQ-B-ESX-06-03,host-1504,domain-c1026,vc-50a10894,48,384,8,11,Connected,PowerEdge R750,Dell,DELL112545,141.1969024112011
HQ-B-ESX-06-04,host-1505,domain-c1026,vc-50a10894,48,384,8,12,Connected,PowerEdge R750,Dell,DELL818090,290.47202688699167
HQ-B-ESX-06-05,host-1506,domain-c1026,vc-50a10894,48,384,8,15,Connected,PowerEdge R750,Dell,DELL573199,250.08330349987904
HQ-B-ESX-06-06,host-1507,domain-c1026,vc-50a10894,48,384,8,16,Connected,PowerEdge R750,Dell,DELL327881,297.3121469694969
HQ-B-ESX-06-07,host-1508,domain-c1026,vc-50a10894,48,384,8,10,Connected,PowerEdge R750,Dell,DELL662048,181.31025878024155
HQ-B-ESX-06-08,host-1509,domain-c1026,vc-50a10894,48,384,8,12,Connected,PowerEdge R750,Dell,DELL345650,301.3339364453809
HQ-B-ESX-06-09,host-1510,domain-c1026,vc-50a10894,48,384,8,16,Connected,PowerEdge R750,Dell,DELL166641,100.20320296280566
HQ-B-ESX-06-10,host-1511,domain-c1026,vc-50a10894,48,384,8,14,Maintenance,PowerEdge R750,Dell,DELL921867,180.72841805334463
HQ-B-ESX-06-11,host-1512,domain-c1026,vc-50a10894,48,384,8,13,Connected,PowerEdge R750,Dell,DELL611048,342.136790218364
HQ-B-ESX-06-12,host-1513,domain-c1026,vc-50a10894,48,384,8,8,Maintenance,PowerEdge R750,Dell,DELL547096,183.387801803924
HQ-B-ESX-06-13,host-1514,domain-c1026,vc-50a10894,48,384,8,15,Connected,PowerEdge R750,Dell,DELL553419,171.70130714899102
HQ-B-ESX-06-14,host-1515,domain-c1026,vc-50a10894,48,384,8,13,Connected,PowerEdge R750,Dell,DELL963889,175.9509045706686
HQ-B-ESX-06-15,host-1516,domain-c1026,vc-50a10894,48,384,8,9,Connected,PowerEdge R750,Dell,DELL958219,212.68973875017446
HQ-B-ESX-06-16,host-1517,domain-c1026,vc-50a10894,48,384,8,13,Connected,PowerEdge R750,Dell,DELL344181,140.33856241105076
HQ-B-ESX-06-17,host-1518,domain-c1026,vc-50a10894,48,384,8,13,Connected,PowerEdge R750,Dell,DELL596806,204.4361284753216
HQ-B-ESX-07-01,host-1519,domain-c1027,vc-50a10894,48,384,8,16,Connected,PowerEdge R750,Dell,DELL635785,247.65385441921225
HQ-B-ESX-07-02,host-1520,domain-c1027,vc-50a10894,48,384,8,15,Connected,PowerEdge R750,Dell,DELL479071,182.34678237417722
HQ-B-ESX-07-03,host-1521,domain-c1027,vc-50a10894,48,384,8,14,Connected,PowerEdge R750,Dell,DELL146681,155.20844360878834
HQ-B-ESX-07-04,host-1522,domain-c1027,vc-50a10894,48,384,8,15,Connected,PowerEdge R750,Dell,DELL722362,109.13169853172963
HQ-B-ESX-07-05,host-1523,domain-c1027,vc-50a10894,48,384,8,8,Connected,PowerEdge R750,Dell,DELL392259,131.46225510392077
HQ-B-ESX-07-06,host-1524,domain-c1027,vc-50a10894,48,384,8,10,Connected,PowerEdge R750,Dell,DELL193574,273.8472169883787
HQ-B-ESX-07-07,host-1525,domain-c1027,vc-50a10894,48,384,8,15,Connected,PowerEdge R750,Dell,DELL275266,162.70436408934606
HQ-B-ESX-07-08,host-1526,domain-c1027,vc-50a10894,48,384,8,13,Connected,PowerEdge R750,Dell,DELL205585,393.01452159545084
HQ-B-ESX-07-09,host-1527,domain-c1027,vc-50a10894,48,384,8,14,Connected,PowerEdge R750,Dell,DELL187218,117.23134706777013
HQ-B-ESX-07-10,host-1528,domain-c1027,vc-50a10894,48,384,8,13,Connected,PowerEdge R750,Dell,DELL858461,398.8829678056378
HQ-B-ESX-07-11,host-1529,domain-c1027,vc-50a10894,48,384,8,15,Connected,PowerEdge R750,Dell,DELL998357,319.012328428458
HQ-B-ESX-07-12,host-1530,domain-c1027,vc-50a10894,48,384,8,13,Connected,PowerEdge R750,Dell,DELL293007,105.8917148919096
HQ-B-ESX-07-13,host-1531,domain-c1027,vc-50a10894,48,384,8,11,Connected,PowerEdge R750,Dell,DELL993091,156.76457776605676
HQ-B-ESX-07-14,host-1532,domain-c1027,vc-50a10894,48,384,8,13,Connected,PowerEdge R750,Dell,DELL101899,326.7725478957358
HQ-B-ESX-07-15,host-1533,domain-c1027,vc-50a10894,48,384,8,13,Connected,PowerEdge R750,Dell,DELL315440,291.2273809901159
HQ-B-ESX-07-16,host-1534,domain-c1027,vc-50a10894,48,384,8,8,Connected,PowerEdge R750,Dell,DELL290484,109.18273359920966
HQ-B-ESX-07-17,host-1535,domain-c1027,vc-50a10894,48,384,8,13,Connected,PowerEdge R750,Dell,DELL863931,209.1417114747257
NA-ESX-01-01,host-1536,domain-c1028,vc-41f1a2ae,48,384,8,10,Connected,PowerEdge R750,Dell,DELL469602,187.38643693490866
NA-ESX-01-02,host-1537,domain-c1028,vc-41f1a2ae,48,384,8,13,Connected,PowerEdge R750,Dell,DELL846381,204.22837901514637
NA-ESX-01-03,host-1538,domain-c1028,vc-41f1a2ae,48,384,8,9,Connected,PowerEdge R750,Dell,DELL286377,146.37724610165833
NA-ESX-01-04,host-1539,domain-c1028,vc-41f1a2ae,48,384,8,13,Connected,PowerEdge R750,Dell,DELL694358,175.5162378413227
NA-ESX-01-05,host-1540,domain-c1028,vc-41f1a2ae,48,384,8,8,Connected,PowerEdge R750,Dell,DELL471487,120.92360198634931
NA-ESX-01-06,host-1541,domain-c1028,vc-41f1a2ae,48,384,8,11,Connected,PowerEdge R750,Dell,DELL810029,323.0186618324077
NA-ESX-01-07,host-1542,domain-c1028,vc-41f1a2ae,48,384,8,10,Connected,PowerEdge R750,Dell,DELL623596,315.5591495562454
NA-ESX-01-08,host-1543,domain-c1028,vc-41f1a2ae,48,384,8,15,Connected,PowerEdge R750,Dell,DELL649878,114.02196478976907
NA-ESX-01-09,host-1544,domain-c1028,vc-41f1a2ae,48,384,8,15,Connected,PowerEdge R750,Dell,DELL959998,377.5203165378068
NA-ESX-01-10,host-1545,domain-c1028,vc-41f1a2ae,48,384,8,12,Connected,PowerEdge R750,Dell,DELL226793,137.20931821971095
NA-ESX-01-11,host-1546,domain-c1028,vc-41f1a2ae,48,384,8,9,Connected,PowerEdge R750,Dell,DELL435712,118.54226938742657
NA-ESX-02-01,host-1547,domain-c1029,vc-41f1a2ae,96,768,8,9,Connected,PowerEdge R840,Dell,DELL869619,204.66606104115084
NA-ESX-02-02,host-1548,domain-c1029,vc-41f1a2ae,96,768,8,9,Connected,PowerEdge R840,Dell,DELL629369,348.9089847301867
NA-ESX-02-03,host-1549,domain-c1029,vc-41f1a2ae,96,768,8,8,Connected,PowerEdge R840,Dell,DELL520275,148.3814955476699
NA-ESX-02-04,host-1550,domain-c1029,vc-41f1a2ae,96,768,8,14,Maintenance,PowerEdge R840,Dell,DELL556472,306.92140134764315
NA-ESX-02-05,host-1551,domain-c1029,vc-41f1a2ae,96,768,8,13,Connected,PowerEdge R840,Dell,DELL722041,294.6134615700757
NA-ESX-02-06,host-1552,domain-c1029,vc-41f1a2ae,96,768,8,13,Connected,PowerEdge R840,Dell,DELL879799,190.9413401703717
NA-ESX-02-07,host-1553,domain-c1029,vc-41f1a2ae,96,768,8,8,Connected,PowerEdge R840,Dell,DELL164019,377.4946490182083
NA-ESX-02-08,host-1554,domain-c1029,vc-41f1a2ae,96,768,8,8,Connected,PowerEdge R840,Dell,DELL344900,291.7271840325909
NA-ESX-02-09,host-1555,domain-c1029,vc-41f1a2ae,96,768,8,13,Connected,PowerEdge R840,Dell,DELL114094,172.90706001550458
NA-ESX-02-10,host-1556,domain-c1029,vc-41f1a2ae,96,768,8,9,Connected,PowerEdge R840,Dell,DELL962285,314.7365699018977
NA-ESX-02-11,host-1557,domain-c1029,vc-41f1a2ae,96,768,8,9,Connected,PowerEdge R840,Dell,DELL846547,359.94309917984964
NA-ESX-02-12,host-1558,domain-c1029,vc-41f1a2ae,96,768,8,11,Connected,PowerEdge R840,Dell,DELL645794,376.72149382536605
NA-ESX-02-13,host-1559,domain-c1029,vc-41f1a2ae,96,768,8,8,Connected,PowerEdge R840,Dell,DELL540844,191.06936150842193
NA-ESX-03-01,host-1560,domain-c1030,vc-41f1a2ae,96,768,8,12,Connected,PowerEdge R840,Dell,DELL215274,171.79758475616097
NA-ESX-03-02,host-1561,domain-c1030,vc-41f1a2ae,96,768,8,8,Connected,PowerEdge R840,Dell,DELL754017,106.54793023561503
NA-ESX-03-03,host-1562,domain-c1030,vc-41f1a2ae,96,768,8,13,Connected,PowerEdge R840,Dell,DELL446233,363.7655745616833
NA-ESX-03-04,host-1563,domain-c1030,vc-41f1a2ae,96,768,8,8,Connected,PowerEdge R840,Dell,DELL454493,106.44298756113298
NA-ESX-03-05,host-1564,domain-c1030,vc-41f1a2ae,96,768,8,10,Connected,PowerEdge R840,Dell,DELL383363,201.3956367859003
NA-ESX-03-06,host-1565,domain-c1030,vc-41f1a2ae,96,768,8,15,Connected,PowerEdge R840,Dell,DELL363609,365.6929165875023
NA-ESX-03-07,host-1566,domain-c1030,vc-41f1a2ae,96,768,8,14,Connected,PowerEdge R840,Dell,DELL432269,110.71394074842077
NA-ESX-03-08,host-1567,domain-c1030,vc-41f1a2ae,96,768,8,9,Connected,PowerEdge R840,Dell,DELL451831,393.3019755599355
NA-ESX-03-09,host-1568,domain-c1030,vc-41f1a2ae,96,768,8,10,Connected,PowerEdge R840,Dell,DELL463862,206.65933021695002
NA-ESX-03-10,host-1569,domain-c1030,vc-41f1a2ae,96,768,8,11,Connected,PowerEdge R840,Dell,DELL961875,218.97040691390907
NA-ESX-03-11,host-1570,domain-c1030,vc-41f1a2ae,96,768,8,11,Connected,PowerEdge R840,Dell,DELL629017,178.28325839667272
NA-ESX-03-12,host-1571,domain-c1030,vc-41f1a2ae,96,768,8,15,Connected,PowerEdge R840,Dell,DELL586223,163.15416640035633
NA-ESX-03-13,host-1572,domain-c1030,vc-41f1a2ae,96,768,8,15,Connected,PowerEdge R840,Dell,DELL809017,366.3666191813048
NA-ESX-03-14,host-1573,domain-c1030,vc-41f1a2ae,96,768,8,14,Maintenance,PowerEdge R840,Dell,DELL458516,280.938148586679
NA-ESX-03-15,host-1574,domain-c1030,vc-41f1a2ae,96,768,8,10,Connected,PowerEdge R840,Dell,DELL603480,277.7733239194812
NA-ESX-03-16,host-1575,domain-c1030,vc-41f1a2ae,96,768,8,15,Connected,PowerEdge R840,Dell,DELL746790,354.1614276628838
NA-ESX-03-17,host-1576,domain-c1030,vc-41f1a2ae,96,768,8,8,Connected,PowerEdge R840,Dell,DELL425986,358.08866168158494
NA-ESX-03-18,host-1577,domain-c1030,vc-41f1a2ae,96,768,8,9,Connected,PowerEdge R840,Dell,DELL240865,383.43230576767655
NA-ESX-03-19,host-1578,domain-c1030,vc-41f1a2ae,96,768,8,16,Connected,PowerEdge R840,Dell,DELL946270,267.6306802626764
NA-ESX-03-20,host-1579,domain-c1030,vc-41f1a2ae,96,768,8,8,Connected,PowerEdge R840,Dell,DELL736787,230.005115265325
NA-ESX-03-21,host-1580,domain-c1030,vc-41f1a2ae,96,768,8,8,Connected,PowerEdge R840,Dell,DELL695191,199.025244810546
NA-ESX-04-01,host-1581,domain-c1031,vc-41f1a2ae,96,768,8,14,Connected,PowerEdge R840,Dell,DELL601041,354.3827794349643
NA-ESX-04-02,host-1582,domain-c1031,vc-41f1a2ae,96,768,8,11,Connected,PowerEdge R840,Dell,DELL734203,162.99625530528766
NA-ESX-04-03,host-1583,domain-c1031,vc-41f1a2ae,96,768,8,10,Connected,PowerEdge R840,Dell,DELL631040,362.6999783721322
NA-ESX-04-04,host-1584,domain-c1031,vc-41f1a2ae,96,768,8,12,Connected,PowerEdge R840,Dell,DELL480609,232.56252592782138
NA-ESX-04-05,host-1585,domain-c1031,vc-41f1a2ae,96,768,8,13,Connected,PowerEdge R840,Dell,DELL997020,344.527777431511
NA-ESX-04-06,host-1586,domain-c1031,vc-41f1a2ae,96,768,8,14,Connected,PowerEdge R840,Dell,DELL964494,239.33703519447357
EU-ESX-01-01,host-1587,domain-c1032,vc-b875cd74,96,768,8,15,Connected,PowerEdge R840,Dell,DELL358686,270.4018889639914
EU-ESX-01-02,host-1588,domain-c1032,vc-b875cd74,96,768,8,9,Connected,PowerEdge R840,Dell,DELL679954,315.85812585197425
EU-ESX-01-03,host-1589,domain-c1032,vc-b875cd74,96,768,8,16,Connected,PowerEdge R840,Dell,DELL648249,227.661417726514
EU-ESX-01-04,host-1590,domain-c1032,vc-b875cd74,96,768,8,9,Connected,PowerEdge R840,Dell,DELL578203,153.04586152845314
EU-ESX-01-05,host-1591,domain-c1032,vc-b875cd74,96,768,8,8,Connected,PowerEdge R840,Dell,DELL457499,298.2025852761957
EU-ESX-01-06,host-1592,domain-c1032,vc-b875cd74,96,768,8,12,Connected,PowerEdge R840,Dell,DELL692444,318.8965471082041
EU-ESX-01-07,host-1593,domain-c1032,vc-b875cd74,96,768,8,12,Connected,PowerEdge R840,Dell,DELL460897,293.3402713384262
EU-ESX-01-08,host-1594,domain-c1032,vc-b875cd74,96,768,8,13,Connected,PowerEdge R840,Dell,DELL643128,327.1281460349786
EU-ESX-01-09,host-1595,domain-c1032,vc-b875cd74,96,768,8,8,Connected,PowerEdge R840,Dell,DELL446175,116.83789393591624
EU-ESX-01-10,host-1596,domain-c1032,vc-b875cd74,96,768,8,16,Connected,PowerEdge R840,Dell,DELL478428,341.96911475857667
EU-ESX-01-11,host-1597,domain-c1032,vc-b875cd74,96,768,8,12,Connected,PowerEdge R840,Dell,DELL394069,294.5839582819201
EU-ESX-02-01,host-1598,domain-c1033,vc-b875cd74,96,768,8,8,Connected,PowerEdge R840,Dell,DELL763272,128.6641252662949
EU-ESX-02-02,host-1599,domain-c1033,vc-b875cd74,96,768,8,14,Connected,PowerEdge R840,Dell,DELL935069,170.788456285312
EU-ESX-02-03,host-1600,domain-c1033,vc-b875cd74,96,768,8,8,Connected,PowerEdge R840,Dell,DELL909770,221.37456130284045
EU-ESX-02-04,host-1601,domain-c1033,vc-b875cd74,96,768,8,12,Connected,PowerEdge R840,Dell,DELL660682,226.4127706660485
EU-ESX-02-05,host-1602,domain-c1033,vc-b875cd74,96,768,8,10,Connected,PowerEdge R840,Dell,DELL759422,225.0226873750717
EU-ESX-02-06,host-1603,domain-c1033,vc-b875cd74,96,768,8,13,Connected,PowerEdge R840,Dell,DELL339545,345.1889541861175
EU-ESX-02-07,host-1604,domain-c1033,vc-b875cd74,96,768,8,8,Connected,PowerEdge R840,Dell,DELL923807,392.30186065736285
EU-ESX-02-08,host-1605,domain-c1033,vc-b875cd74,96,768,8,12,Connected,PowerEdge R840,Dell,DELL666054,193.00878849264885
EU-ESX-02-09,host-1606,domain-c1033,vc-b875cd74,96,768,8,8,Connected,PowerEdge R840,Dell,DELL628329,225.04856544540687
EU-ESX-02-10,host-1607,domain-c1033,vc-b875cd74,96,768,8,15,Connected,PowerEdge R840,Dell,DELL538272,216.53106858949567
EU-ESX-02-11,host-1608,domain-c1033,vc-b875cd74,96,768,8,12,Connected,PowerEdge R840,Dell,DELL574138,115.20144880418928
EU-ESX-02-12,host-1609,domain-c1033,vc-b875cd74,96,768,8,15,Connected,PowerEdge R840,Dell,DELL804565,268.12007406859806
EU-ESX-02-13,host-1610,domain-c1033,vc-b875cd74,96,768,8,12,Maintenance,PowerEdge R840,Dell,DELL514003,158.0738555671834
EU-ESX-02-14,host-1611,domain-c1033,vc-b875cd74,96,768,8,11,Connected,PowerEdge R840,Dell,DELL489399,348.8074624008831
EU-ESX-02-15,host-1612,domain-c1033,vc-b875cd74,96,768,8,15,Connected,PowerEdge R840,Dell,DELL688196,374.3691406074857
EU-ESX-02-16,host-1613,domain-c1033,vc-b875cd74,96,768,8,8,Connected,PowerEdge R840,Dell,DELL966791,393.1933872816113
EU-ESX-03-01,host-1614,domain-c1034,vc-b875cd74,48,384,8,15,Connected,PowerEdge R750,Dell,DELL468425,157.7964019707801
EU-ESX-03-02,host-1615,domain-c1034,vc-b875cd74,48,384,8,11,Connected,PowerEdge R750,Dell,DELL652013,282.48048243378537
EU-ESX-03-03,host-1616,domain-c1034,vc-b875cd74,48,384,8,8,Connected,PowerEdge R750,Dell,DELL892601,264.41368644128715
EU-ESX-03-04,host-1617,domain-c1034,vc-b875cd74,48,384,8,11,Connected,PowerEdge R750,Dell,DELL228944,350.9499261530748
EU-ESX-03-05,host-1618,domain-c1034,vc-b875cd74,48,384,8,10,Connected,PowerEdge R750,Dell,DELL107425,355.71280793879725
EU-ESX-03-06,host-1619,domain-c1034,vc-b875cd74,48,384,8,15,Connected,PowerEdge R750,Dell,DELL318810,178.2903171898461
EU-ESX-03-07,host-1620,domain-c1034,vc-b875cd74,48,384,8,13,Connected,PowerEdge R750,Dell,DELL635317,228.77403795092914
EU-ESX-03-08,host-1621,domain-c1034,vc-b875cd74,48,384,8,9,Connected,PowerEdge R750,Dell,DELL304383,177.01162976673743
EU-ESX-03-09,host-1622,domain-c1034,vc-b875cd74,48,384,8,14,Connected,PowerEdge R750,Dell,DELL994890,179.61922687878086
EU-ESX-03-10,host-1623,domain-c1034,vc-b875cd74,48,384,8,16,Connected,PowerEdge R750,Dell,DELL211370,226.59426027279932
EU-ESX-04-01,host-1624,domain-c1035,vc-b875cd74,48,384,8,11,Connected,PowerEdge R750,Dell,DELL148412,349.17885273169395
EU-ESX-04-02,host-1625,domain-c1035,vc-b875cd74,48,384,8,16,Connected,PowerEdge R750,Dell,DELL752547,243.0771298911014
EU-ESX-04-03,host-1626,domain-c1035,vc-b875cd74,48,384,8,9,Connected,PowerEdge R750,Dell,DELL976387,334.5477275876982
EU-ESX-04-04,host-1627,domain-c1035,vc-b875cd74,48,384,8,14,Connected,PowerEdge R750,Dell,DELL653973,122.80642956408533
EU-ESX-04-05,host-1628,domain-c1035,vc-b875cd74,48,384,8,12,Maintenance,PowerEdge R750,Dell,DELL118758,358.9935284458332
EU-ESX-04-06,host-1629,domain-c1035,vc-b875cd74,48,384,8,12,Connected,PowerEdge R750,Dell,DELL641019,110.05564161416999
EU-ESX-04-07,host-1630,domain-c1035,vc-b875cd74,48,384,8,12,Connected,PowerEdge R750,Dell,DELL105153,345.1496572826181
EU-ESX-04-08,host-1631,domain-c1035,vc-b875cd74,48,384,8,16,Connected,PowerEdge R750,Dell,DELL458564,207.17078086230163
EU-ESX-04-09,host-1632,domain-c1035,vc-b875cd74,48,384,8,8,Connected,PowerEdge R750,Dell,DELL805143,247.18699999710674
EU-ESX-04-10,host-1633,domain-c1035,vc-b875cd74,48,384,8,11,Connected,PowerEdge R750,Dell,DELL776965,120.70543031950189
EU-ESX-04-11,host-1634,domain-c1035,vc-b875cd74,48,384,8,10,Connected,PowerEdge R750,Dell,DELL743129,141.46225570444508
EU-ESX-04-12,host-1635,domain-c1035,vc-b875cd74,48,384,8,11,Connected,PowerEdge R750,Dell,DELL530547,286.6306613788262
EU-ESX-04-13,host-1636,domain-c1035,vc-b875cd74,48,384,8,8,Connected,PowerEdge R750,Dell,DELL444573,278.84253434461016
EU-ESX-04-14,host-1637,domain-c1035,vc-b875cd74,48,384,8,8,Connected,PowerEdge R750,Dell,DELL806386,262.98495558164944
EU-ESX-04-15,host-1638,domain-c1035,vc-b875cd74,48,384,8,9,Connected,PowerEdge R750,Dell,DELL730493,136.66978414525877
EU-ESX-04-16,host-1639,domain-c1035,vc-b875cd74,48,384,8,14,Connected,PowerEdge R750,Dell,DELL904924,367.7799569718414
EU-ESX-04-17,host-1640,domain-c1035,vc-b875cd74,48,384,8,11,Connected,PowerEdge R750,Dell,DELL935283,370.2943579794442
EU-ESX-04-18,host-1641,domain-c1035,vc-b875cd74,48,384,8,13,Connected,PowerEdge R750,Dell,DELL406047,134.36623499773208
EU-ESX-04-19,host-1642,domain-c1035,vc-b875cd74,48,384,8,13,Connected,PowerEdge R750,Dell,DELL879917,223.62343501443445
APAC-ESX-01-01,host-1643,domain-c1036,vc-73742397,96,768,8,11,Connected,PowerEdge R840,Dell,DELL270133,259.67754610825983
APAC-ESX-01-02,host-1644,domain-c1036,vc-73742397,96,768,8,11,Connected,PowerEdge R840,Dell,DELL851095,107.71919532623852
APAC-ESX-01-03,host-1645,domain-c1036,vc-73742397,96,768,8,9,Connected,PowerEdge R840,Dell,DELL186414,352.8429507588303
APAC-ESX-01-04,host-1646,domain-c1036,vc-73742397,96,768,8,9,Connected,PowerEdge R840,Dell,DELL521829,373.5429087056628
APAC-ESX-02-01,host-1647,domain-c1037,vc-73742397,48,384,8,13,Connected,PowerEdge R750,Dell,DELL787346,336.66337867533065
APAC-ESX-02-02,host-1648,domain-c1037,vc-73742397,48,384,8,9,Maintenance,PowerEdge R750,Dell,DELL559274,129.66279361007165
APAC-ESX-02-03,host-1649,domain-c1037,vc-73742397,48,384,8,8,Connected,PowerEdge R750,Dell,DELL806269,197.96871242624175
APAC-ESX-02-04,host-1650,domain-c1037,vc-73742397,48,384,8,12,Connected,PowerEdge R750,Dell,DELL739689,292.07267564574147
APAC-ESX-02-05,host-1651,domain-c1037,vc-73742397,48,384,8,14,Connected,PowerEdge R750,Dell,DELL352873,104.95860825045584
APAC-ESX-02-06,host-1652,domain-c1037,vc-73742397,48,384,8,14,Connected,PowerEdge R750,Dell,DELL923157,259.6524356534979
APAC-ESX-02-07,host-1653,domain-c1037,vc-73742397,48,384,8,8,Connected,PowerEdge R750,Dell,DELL855606,118.2240735301275
APAC-ESX-02-08,host-1654,domain-c1037,vc-73742397,48,384,8,8,Connected,PowerEdge R750,Dell,DELL727177,118.60883747163524
APAC-ESX-02-09,host-1655,domain-c1037,vc-73742397,48,384,8,12,Connected,PowerEdge R750,Dell,DELL605793,269.54444687406607
APAC-ESX-02-10,host-1656,domain-c1037,vc-73742397,48,384,8,16,Connected,PowerEdge R750,Dell,DELL591307,137.1606677607978
APAC-ESX-02-11,host-1657,domain-c1037,vc-73742397,48,384,8,13,Connected,PowerEdge R750,Dell,DELL225133,301.31849198194163
APAC-ESX-02-12,host-1658,domain-c1037,vc-73742397,48,384,8,12,Connected,PowerEdge R750,Dell,DELL535995,107.83548915614595
APAC-ESX-02-13,host-1659,domain-c1037,vc-73742397,48,384,8,13,Connected,PowerEdge R750,Dell,DELL623444,319.1100189998675
APAC-ESX-02-14,host-1660,domain-c1037,vc-73742397,48,384,8,8,Connected,PowerEdge R750,Dell,DELL950129,291.228346095594
APAC-ESX-03-01,host-1661,domain-c1038,vc-73742397,96,768,8,13,Connected,PowerEdge R840,Dell,DELL496689,389.10286794210396
APAC-ESX-03-02,host-1662,domain-c1038,vc-73742397,96,768,8,16,Connected,PowerEdge R840,Dell,DELL645511,101.948534709277
APAC-ESX-03-03,host-1663,domain-c1038,vc-73742397,96,768,8,9,Connected,PowerEdge R840,Dell,DELL177805,146.72002123227622
APAC-ESX-03-04,host-1664,domain-c1038,vc-73742397,96,768,8,12,Maintenance,PowerEdge R840,Dell,DELL753698,352.54765119878687
APAC-ESX-03-05,host-1665,domain-c1038,vc-73742397,96,768,8,8,Connected,PowerEdge R840,Dell,DELL187007,163.08799994205833
APAC-ESX-03-06,host-1666,domain-c1038,vc-73742397,96,768,8,14,Connected,PowerEdge R840,Dell,DELL504147,336.1849582939643
APAC-ESX-03-07,host-1667,domain-c1038,vc-73742397,96,768,8,9,Connected,PowerEdge R840,Dell,DELL420561,125.7662385867903
APAC-ESX-03-08,host-1668,domain-c1038,vc-73742397,96,768,8,12,Connected,PowerEdge R840,Dell,DELL522148,189.83484660922147
APAC-ESX-03-09,host-1669,domain-c1038,vc-73742397,96,768,8,12,Connected,PowerEdge R840,Dell,DELL134208,338.3658460793898
APAC-ESX-03-10,host-1670,domain-c1038,vc-73742397,96,768,8,12,Connected,PowerEdge R840,Dell,DELL551026,326.5257849905827
APAC-ESX-03-11,host-1671,domain-c1038,vc-73742397,96,768,8,9,Connected,PowerEdge R840,Dell,DELL945914,298.9253634005029
APAC-ESX-03-12,host-1672,domain-c1038,vc-73742397,96,768,8,14,Connected,PowerEdge R840,Dell,DELL630394,129.74521424876602
APAC-ESX-03-13,host-1673,domain-c1038,vc-73742397,96,768,8,15,Connected,PowerEdge R840,Dell,DELL558633,167.43207546968605
